,2015-12-31,2020-12-31,2025-12-31,2030-12-31,2035-12-31,2040-12-31,2045-12-31,2050-12-31,2055-12-31,2060-12-31,2065-12-31,2070-12-31,2075-12-31,2080-12-31,2085-12-31,2090-12-31,2095-12-31,2100-12-31
0,9.493844275361885e-08,1.5951091244452258e-07,8.313688583487057e-09,9.99470125389914e-09,1.2210730181992193e-08,1.4153792253779333e-08,1.6213365610811176e-08,1.6791173344775838e-08,1.7256694597123094e-08,1.4755103544747406e-08,1.5763106226251984e-08,1.638948212997113e-08,1.5012110991493193e-08,1.5140526669288335e-08,1.562634283421479e-08,1.534308105381281e-08,1.5565409759332743e-08,1.510726849100289e-08
1,0.002829097652647735,0.002973358004978112,0.00022304079432306948,0.000243531182228803,0.00028324103739572383,0.00032643841434033566,0.00031455430033017087,0.0002997021624644513,0.0002825787703544648,0.0002585603395709262,0.00024673571698554216,0.00024786642621614367,0.00024396418031141917,0.00024995135910280326,0.00026947251901821424,0.00029044138527627194,0.00029851754913877654,0.0003024126515568032
2,0.00019837450114809584,0.00122978873074918,0.0002827378648865249,0.0002942824799504724,0.0003118425504677629,0.0003152247890220136,0.0003312990472640437,0.00033908297731152364,0.0003281650133721285,0.00031353738348657297,0.0002868037947918763,0.000265420738500889,0.0002636436680428454,0.0002762464702002761,0.00028392933213030366,0.0002906518262364163,0.0002810843864911414,0.00026152811975039744
3,0.0,0.0,0.0,0.0,0.0,0.0,0.0,0.0,0.0,0.0,0.0,0.0,0.0,0.0,0.0,0.0,0.0,0.0
4,0.0,0.0,0.0,0.0,0.0,0.0,0.0,0.0,0.0,0.0,0.0,0.0,0.0,0.0,0.0,0.0,0.0,0.0
5,0.12352258780350302,0.3701975670992397,0.11410121817025366,0.1193424643930048,0.12747298099178198,0.13814950975744686,0.1417864909774314,0.13937498412677093,0.1288998401138621,0.11504383830120786,0.11105285306336983,0.10883985727528733,0.108900075306495,0.11691879659146058,0.12219688127438232,0.11686992117762554,0.11678658602883409,0.11485739955430217
6,0.0678563275374472,0.13742382234583297,0.0620430435622499,0.06774655862633756,0.07208762376472197,0.0771307350890711,0.07870842846436428,0.07518699618677299,0.07261357094394043,0.06828705389052629,0.06522955366421956,0.06417389610161382,0.06319588493431609,0.0640159869901836,0.0639859880146881,0.06209529735520485,0.05948779349774125,0.05916875763113301
7,0.06652533309534193,0.23750835841686543,0.0472453787313619,0.05940298947418343,0.06564537795047122,0.08094128652786216,0.08588524448568934,0.07580321302327017,0.07092116490233456,0.05727037786816558,0.055537873227149245,0.05619403181845942,0.05410464007034897,0.0624853988426427,0.06324021149675049,0.05930314432332912,0.05958618732045095,0.05677899773729344
8,0.30720564027627306,0.6331105240387842,0.30786526024341576,0.3167598408750879,0.32233882685719667,0.33142134846840066,0.343143333148832,0.3414979383337002,0.3319185956620302,0.32333199838797255,0.31768175103267027,0.3136500350236894,0.31103273821870486,0.316588240504265,0.31996641084551813,0.318883090098699,0.32250333814819665,0.3194553647240003
9,0.0,0.0,0.0,0.0,0.0,0.0,0.0,0.0,0.0,0.0,0.0,0.0,0.0,0.0,0.0,0.0,0.0,0.0
10,3.945756542028121e-05,0.0001489785905661554,2.6605132001975567e-05,2.5819829481235978e-05,2.7380387281823468e-05,2.9772075477012534e-05,3.139470183668892e-05,3.299454458404701e-05,3.5655856029810286e-05,3.296128451241504e-05,3.256281601776816e-05,3.20972473018628e-05,2.8589392473198435e-05,2.7852771644271938e-05,2.751943676169807e-05,2.7925608686625023e-05,2.9186804826773983e-05,2.9032972076796206e-05
11,0.08048424987743305,0.2697680452001805,0.06314351477951277,0.06780348341591891,0.07272918443854724,0.07704251884575934,0.07950113369217922,0.0768784378526422,0.06944636657834051,0.059965019489328086,0.058249398198599645,0.05914271372308336,0.06047917252779007,0.06674264976133903,0.07054996307256321,0.07013185892254112,0.07006404763087631,0.06959591368213296
12,0.03034743097765996,0.13450657059331664,0.026445547329882788,0.028762128949165314,0.03261736181881862,0.042204449139208,0.04718807802174706,0.04595988959846242,0.03906808439642191,0.031478797900024794,0.031184611221930624,0.029654821324938314,0.027846751585602795,0.030643862591707167,0.028499443185166475,0.02778640841754776,0.02840156710861872,0.027783162493278123
13,0.04959021154791116,0.2783052535707308,0.04189334047422257,0.04444862677729056,0.048505271351023095,0.05446894793771209,0.057769165926923355,0.05465167924761773,0.04769508423476994,0.04033808592396477,0.039005676948775846,0.03932104816101491,0.039487922110905245,0.044259959558645895,0.04514917508016029,0.045429627836992344,0.0486248832133909,0.04832493049201244
14,0.009418988934097192,0.09391338309250347,0.0127522852835817,0.011914098681935657,0.012898885068898398,0.01425730588638546,0.015385343552569486,0.015308239604346447,0.015111843808395854,0.013256905930887406,0.012198048819166933,0.013725041825945182,0.013553204438959571,0.013007119590106116,0.012009578109718857,0.012372359787734823,0.013821386795646198,0.015810036124661576
15,0.0785180109242598,0.14926799620661768,0.06752237374506272,0.06534483183175327,0.06430185613532864,0.06475508405516547,0.06411835320293906,0.06599963739167046,0.06777075969924527,0.06779375093678633,0.06818055483202139,0.06716297824929159,0.0664664344439904,0.06402799384544294,0.06343108594417571,0.06468751217176517,0.06712881990770499,0.07210257616266606
16,0.01033943231062342,0.03273781789130224,0.010728335867061097,0.01051264173040787,0.010644979495555151,0.010614167773164818,0.009987582397123294,0.009948494284976387,0.009592370148020526,0.009259866613043392,0.009302836416669952,0.009217758215342937,0.00935430268555257,0.009914349291318379,0.010653534168377507,0.01067996920412404,0.010883436967618757,0.011290413228174067
17,0.01778804695932193,0.054830949027480834,0.019937337719912938,0.019346670617310633,0.018372971490025498,0.017820763476192932,0.017315724408254022,0.01756862413448591,0.018251597418760274,0.018566455990076045,0.019552558896325838,0.019641265313451502,0.018384409880886472,0.01753853443544359,0.01694789307812848,0.017308475282043212,0.01774086592998354,0.019594208495691413
18,0.004981403491304539,0.020999895817491634,0.007398283679667618,0.007440845920282272,0.007452940364989114,0.007353229506094031,0.006861570771143264,0.006301564939785716,0.0060376221042436635,0.005973885012945738,0.005905515799919702,0.006005800202023179,0.006377330225581871,0.006244452517324374,0.006302634013971878,0.006410648969933344,0.006381583123002156,0.0065785905740533895
19,0.012181057912615251,0.03456771219833855,0.006196840913034927,0.007134322631785192,0.007994545112614077,0.010910954205989287,0.011325388091305916,0.010402210569722202,0.008737576630232047,0.005965191421564608,0.00567798946673665,0.005576490257711408,0.0065936981411650174,0.007825690230432239,0.007305988975800532,0.007310591123881706,0.007794910035134879,0.007799022369392297
20,0.012230289075523662,0.02529277256574443,0.002166451796352889,0.0028855415937577757,0.00393964032908354,0.0068795003602417585,0.00604660820726226,0.005909477076236088,0.004007091956989172,0.0022841855840912144,0.002358003269570518,0.0020145631393727677,0.0017923765630693715,0.0016002878955914276,0.0012402793011278255,0.0013446786037335278,0.0012940142929049028,0.0011957095764809785
21,0.0025855237244589075,0.006971067886503553,0.0011825688904964773,0.0014657277499062064,0.0017119009238309496,0.0024342557045372143,0.0025160095111156065,0.0023930976163440264,0.0021472810412091815,0.0016479886977030754,0.0016183187805581438,0.0015935523371444587,0.0015748357817452743,0.0017556165681368184,0.0018319644825920591,0.001703418788189653,0.0017529650511762921,0.0016873228392796137
22,0.0,0.0,0.0,0.0,0.0,0.0,0.0,0.0,0.0,0.0,0.0,0.0,0.0,0.0,0.0,0.0,0.0,0.0
23,0.003682369060697896,0.015549535542201403,0.002292812440621925,0.0022675276970645494,0.002415796234815653,0.002745789536675096,0.002801004598598668,0.0028622141709395625,0.003156727702667262,0.002832617654697928,0.0027258197869717013,0.0027406793892926305,0.0025188853890091376,0.0025112537364474974,0.002536562605644539,0.002490672367702514,0.0026408259093295408,0.002555959431920167
