node,year,variable,value,time
10|INDIA_WEST,2010,rural_connection_rate_baseline,0.853,year
13|PAKISTAN,2010,rural_connection_rate_baseline,0.853,year
14|PAKISTAN,2010,rural_connection_rate_baseline,0.853,year
16|PAKISTAN,2010,rural_connection_rate_baseline,0.853,year
17|PAKISTAN,2010,rural_connection_rate_baseline,0.853,year
1|AFGHAN_SOUTH,2010,rural_connection_rate_baseline,0.853,year
20|PAKISTAN,2010,rural_connection_rate_baseline,0.853,year
21|PAKISTAN,2010,rural_connection_rate_baseline,0.853,year
22|PAKISTAN,2010,rural_connection_rate_baseline,0.853,year
23|PAKISTAN,2010,rural_connection_rate_baseline,0.853,year
24|PAKISTAN,2010,rural_connection_rate_baseline,0.853,year
2|AFGHAN_NORTH,2010,rural_connection_rate_baseline,0.853,year
4|CHINA,2010,rural_connection_rate_baseline,0.916,year
5|CHINA,2010,rural_connection_rate_baseline,0.916,year
6|INDIA_WEST,2010,rural_connection_rate_baseline,0.853,year
7|INDIA_WEST,2010,rural_connection_rate_baseline,0.853,year
8|INDIA_WEST,2010,rural_connection_rate_baseline,0.853,year
9|INDIA_EAST,2010,rural_connection_rate_baseline,0.853,year
10|INDIA_WEST,2020,rural_connection_rate_baseline,0.894,year
13|PAKISTAN,2020,rural_connection_rate_baseline,0.894,year
14|PAKISTAN,2020,rural_connection_rate_baseline,0.894,year
16|PAKISTAN,2020,rural_connection_rate_baseline,0.894,year
17|PAKISTAN,2020,rural_connection_rate_baseline,0.894,year
1|AFGHAN_SOUTH,2020,rural_connection_rate_baseline,0.894,year
20|PAKISTAN,2020,rural_connection_rate_baseline,0.894,year
21|PAKISTAN,2020,rural_connection_rate_baseline,0.894,year
22|PAKISTAN,2020,rural_connection_rate_baseline,0.894,year
23|PAKISTAN,2020,rural_connection_rate_baseline,0.894,year
24|PAKISTAN,2020,rural_connection_rate_baseline,0.894,year
2|AFGHAN_NORTH,2020,rural_connection_rate_baseline,0.894,year
4|CHINA,2020,rural_connection_rate_baseline,0.9645,year
5|CHINA,2020,rural_connection_rate_baseline,0.9645,year
6|INDIA_WEST,2020,rural_connection_rate_baseline,0.894,year
7|INDIA_WEST,2020,rural_connection_rate_baseline,0.894,year
8|INDIA_WEST,2020,rural_connection_rate_baseline,0.894,year
9|INDIA_EAST,2020,rural_connection_rate_baseline,0.894,year
10|INDIA_WEST,2030,rural_connection_rate_baseline,0.895,year
13|PAKISTAN,2030,rural_connection_rate_baseline,0.895,year
14|PAKISTAN,2030,rural_connection_rate_baseline,0.895,year
16|PAKISTAN,2030,rural_connection_rate_baseline,0.895,year
17|PAKISTAN,2030,rural_connection_rate_baseline,0.895,year
1|AFGHAN_SOUTH,2030,rural_connection_rate_baseline,0.895,year
20|PAKISTAN,2030,rural_connection_rate_baseline,0.895,year
21|PAKISTAN,2030,rural_connection_rate_baseline,0.895,year
22|PAKISTAN,2030,rural_connection_rate_baseline,0.895,year
23|PAKISTAN,2030,rural_connection_rate_baseline,0.895,year
24|PAKISTAN,2030,rural_connection_rate_baseline,0.895,year
2|AFGHAN_NORTH,2030,rural_connection_rate_baseline,0.895,year
4|CHINA,2030,rural_connection_rate_baseline,0.9765,year
5|CHINA,2030,rural_connection_rate_baseline,0.9765,year
6|INDIA_WEST,2030,rural_connection_rate_baseline,0.895,year
7|INDIA_WEST,2030,rural_connection_rate_baseline,0.895,year
8|INDIA_WEST,2030,rural_connection_rate_baseline,0.895,year
9|INDIA_EAST,2030,rural_connection_rate_baseline,0.895,year
10|INDIA_WEST,2040,rural_connection_rate_baseline,0.931,year
13|PAKISTAN,2040,rural_connection_rate_baseline,0.931,year
14|PAKISTAN,2040,rural_connection_rate_baseline,0.931,year
16|PAKISTAN,2040,rural_connection_rate_baseline,0.931,year
17|PAKISTAN,2040,rural_connection_rate_baseline,0.931,year
1|AFGHAN_SOUTH,2040,rural_connection_rate_baseline,0.931,year
20|PAKISTAN,2040,rural_connection_rate_baseline,0.931,year
21|PAKISTAN,2040,rural_connection_rate_baseline,0.931,year
22|PAKISTAN,2040,rural_connection_rate_baseline,0.931,year
23|PAKISTAN,2040,rural_connection_rate_baseline,0.931,year
24|PAKISTAN,2040,rural_connection_rate_baseline,0.931,year
2|AFGHAN_NORTH,2040,rural_connection_rate_baseline,0.931,year
4|CHINA,2040,rural_connection_rate_baseline,0.985,year
5|CHINA,2040,rural_connection_rate_baseline,0.985,year
6|INDIA_WEST,2040,rural_connection_rate_baseline,0.931,year
7|INDIA_WEST,2040,rural_connection_rate_baseline,0.931,year
8|INDIA_WEST,2040,rural_connection_rate_baseline,0.931,year
9|INDIA_EAST,2040,rural_connection_rate_baseline,0.931,year
10|INDIA_WEST,2050,rural_connection_rate_baseline,0.963,year
13|PAKISTAN,2050,rural_connection_rate_baseline,0.963,year
14|PAKISTAN,2050,rural_connection_rate_baseline,0.963,year
16|PAKISTAN,2050,rural_connection_rate_baseline,0.963,year
17|PAKISTAN,2050,rural_connection_rate_baseline,0.963,year
1|AFGHAN_SOUTH,2050,rural_connection_rate_baseline,0.963,year
20|PAKISTAN,2050,rural_connection_rate_baseline,0.963,year
21|PAKISTAN,2050,rural_connection_rate_baseline,0.963,year
22|PAKISTAN,2050,rural_connection_rate_baseline,0.963,year
23|PAKISTAN,2050,rural_connection_rate_baseline,0.963,year
24|PAKISTAN,2050,rural_connection_rate_baseline,0.963,year
2|AFGHAN_NORTH,2050,rural_connection_rate_baseline,0.963,year
4|CHINA,2050,rural_connection_rate_baseline,0.9905,year
5|CHINA,2050,rural_connection_rate_baseline,0.9905,year
6|INDIA_WEST,2050,rural_connection_rate_baseline,0.963,year
7|INDIA_WEST,2050,rural_connection_rate_baseline,0.963,year
8|INDIA_WEST,2050,rural_connection_rate_baseline,0.963,year
9|INDIA_EAST,2050,rural_connection_rate_baseline,0.963,year
10|INDIA_WEST,2060,rural_connection_rate_baseline,0.978,year
13|PAKISTAN,2060,rural_connection_rate_baseline,0.978,year
14|PAKISTAN,2060,rural_connection_rate_baseline,0.978,year
16|PAKISTAN,2060,rural_connection_rate_baseline,0.978,year
17|PAKISTAN,2060,rural_connection_rate_baseline,0.978,year
1|AFGHAN_SOUTH,2060,rural_connection_rate_baseline,0.978,year
20|PAKISTAN,2060,rural_connection_rate_baseline,0.978,year
21|PAKISTAN,2060,rural_connection_rate_baseline,0.978,year
22|PAKISTAN,2060,rural_connection_rate_baseline,0.978,year
23|PAKISTAN,2060,rural_connection_rate_baseline,0.978,year
24|PAKISTAN,2060,rural_connection_rate_baseline,0.978,year
2|AFGHAN_NORTH,2060,rural_connection_rate_baseline,0.978,year
4|CHINA,2060,rural_connection_rate_baseline,0.9945,year
5|CHINA,2060,rural_connection_rate_baseline,0.9945,year
6|INDIA_WEST,2060,rural_connection_rate_baseline,0.978,year
7|INDIA_WEST,2060,rural_connection_rate_baseline,0.978,year
8|INDIA_WEST,2060,rural_connection_rate_baseline,0.978,year
9|INDIA_EAST,2060,rural_connection_rate_baseline,0.978,year
10|INDIA_WEST,2070,rural_connection_rate_baseline,0.9855,year
13|PAKISTAN,2070,rural_connection_rate_baseline,0.9855,year
14|PAKISTAN,2070,rural_connection_rate_baseline,0.9855,year
16|PAKISTAN,2070,rural_connection_rate_baseline,0.9855,year
17|PAKISTAN,2070,rural_connection_rate_baseline,0.9855,year
1|AFGHAN_SOUTH,2070,rural_connection_rate_baseline,0.9855,year
20|PAKISTAN,2070,rural_connection_rate_baseline,0.9855,year
21|PAKISTAN,2070,rural_connection_rate_baseline,0.9855,year
22|PAKISTAN,2070,rural_connection_rate_baseline,0.9855,year
23|PAKISTAN,2070,rural_connection_rate_baseline,0.9855,year
24|PAKISTAN,2070,rural_connection_rate_baseline,0.9855,year
2|AFGHAN_NORTH,2070,rural_connection_rate_baseline,0.9855,year
4|CHINA,2070,rural_connection_rate_baseline,0.9965,year
5|CHINA,2070,rural_connection_rate_baseline,0.9965,year
6|INDIA_WEST,2070,rural_connection_rate_baseline,0.9855,year
7|INDIA_WEST,2070,rural_connection_rate_baseline,0.9855,year
8|INDIA_WEST,2070,rural_connection_rate_baseline,0.9855,year
9|INDIA_EAST,2070,rural_connection_rate_baseline,0.9855,year
10|INDIA_WEST,2010,rural_treatment_rate_baseline,0.4605,year
13|PAKISTAN,2010,rural_treatment_rate_baseline,0.4605,year
14|PAKISTAN,2010,rural_treatment_rate_baseline,0.4605,year
16|PAKISTAN,2010,rural_treatment_rate_baseline,0.4605,year
17|PAKISTAN,2010,rural_treatment_rate_baseline,0.4605,year
1|AFGHAN_SOUTH,2010,rural_treatment_rate_baseline,0.4605,year
20|PAKISTAN,2010,rural_treatment_rate_baseline,0.4605,year
21|PAKISTAN,2010,rural_treatment_rate_baseline,0.4605,year
22|PAKISTAN,2010,rural_treatment_rate_baseline,0.4605,year
23|PAKISTAN,2010,rural_treatment_rate_baseline,0.4605,year
24|PAKISTAN,2010,rural_treatment_rate_baseline,0.4605,year
2|AFGHAN_NORTH,2010,rural_treatment_rate_baseline,0.4605,year
4|CHINA,2010,rural_treatment_rate_baseline,0.642,year
5|CHINA,2010,rural_treatment_rate_baseline,0.642,year
6|INDIA_WEST,2010,rural_treatment_rate_baseline,0.4605,year
7|INDIA_WEST,2010,rural_treatment_rate_baseline,0.4605,year
8|INDIA_WEST,2010,rural_treatment_rate_baseline,0.4605,year
9|INDIA_EAST,2010,rural_treatment_rate_baseline,0.4605,year
10|INDIA_WEST,2020,rural_treatment_rate_baseline,0.4845,year
13|PAKISTAN,2020,rural_treatment_rate_baseline,0.4845,year
14|PAKISTAN,2020,rural_treatment_rate_baseline,0.4845,year
16|PAKISTAN,2020,rural_treatment_rate_baseline,0.4845,year
17|PAKISTAN,2020,rural_treatment_rate_baseline,0.4845,year
1|AFGHAN_SOUTH,2020,rural_treatment_rate_baseline,0.4845,year
20|PAKISTAN,2020,rural_treatment_rate_baseline,0.4845,year
21|PAKISTAN,2020,rural_treatment_rate_baseline,0.4845,year
22|PAKISTAN,2020,rural_treatment_rate_baseline,0.4845,year
23|PAKISTAN,2020,rural_treatment_rate_baseline,0.4845,year
24|PAKISTAN,2020,rural_treatment_rate_baseline,0.4845,year
2|AFGHAN_NORTH,2020,rural_treatment_rate_baseline,0.4845,year
4|CHINA,2020,rural_treatment_rate_baseline,0.675,year
5|CHINA,2020,rural_treatment_rate_baseline,0.675,year
6|INDIA_WEST,2020,rural_treatment_rate_baseline,0.4845,year
7|INDIA_WEST,2020,rural_treatment_rate_baseline,0.4845,year
8|INDIA_WEST,2020,rural_treatment_rate_baseline,0.4845,year
9|INDIA_EAST,2020,rural_treatment_rate_baseline,0.4845,year
10|INDIA_WEST,2030,rural_treatment_rate_baseline,0.574,year
13|PAKISTAN,2030,rural_treatment_rate_baseline,0.574,year
14|PAKISTAN,2030,rural_treatment_rate_baseline,0.574,year
16|PAKISTAN,2030,rural_treatment_rate_baseline,0.574,year
17|PAKISTAN,2030,rural_treatment_rate_baseline,0.574,year
1|AFGHAN_SOUTH,2030,rural_treatment_rate_baseline,0.574,year
20|PAKISTAN,2030,rural_treatment_rate_baseline,0.574,year
21|PAKISTAN,2030,rural_treatment_rate_baseline,0.574,year
22|PAKISTAN,2030,rural_treatment_rate_baseline,0.574,year
23|PAKISTAN,2030,rural_treatment_rate_baseline,0.574,year
24|PAKISTAN,2030,rural_treatment_rate_baseline,0.574,year
2|AFGHAN_NORTH,2030,rural_treatment_rate_baseline,0.574,year
4|CHINA,2030,rural_treatment_rate_baseline,0.787,year
5|CHINA,2030,rural_treatment_rate_baseline,0.787,year
6|INDIA_WEST,2030,rural_treatment_rate_baseline,0.574,year
7|INDIA_WEST,2030,rural_treatment_rate_baseline,0.574,year
8|INDIA_WEST,2030,rural_treatment_rate_baseline,0.574,year
9|INDIA_EAST,2030,rural_treatment_rate_baseline,0.574,year
10|INDIA_WEST,2040,rural_treatment_rate_baseline,0.642,year
13|PAKISTAN,2040,rural_treatment_rate_baseline,0.642,year
14|PAKISTAN,2040,rural_treatment_rate_baseline,0.642,year
16|PAKISTAN,2040,rural_treatment_rate_baseline,0.642,year
17|PAKISTAN,2040,rural_treatment_rate_baseline,0.642,year
1|AFGHAN_SOUTH,2040,rural_treatment_rate_baseline,0.642,year
20|PAKISTAN,2040,rural_treatment_rate_baseline,0.642,year
21|PAKISTAN,2040,rural_treatment_rate_baseline,0.642,year
22|PAKISTAN,2040,rural_treatment_rate_baseline,0.642,year
23|PAKISTAN,2040,rural_treatment_rate_baseline,0.642,year
24|PAKISTAN,2040,rural_treatment_rate_baseline,0.642,year
2|AFGHAN_NORTH,2040,rural_treatment_rate_baseline,0.642,year
4|CHINA,2040,rural_treatment_rate_baseline,0.872,year
5|CHINA,2040,rural_treatment_rate_baseline,0.872,year
6|INDIA_WEST,2040,rural_treatment_rate_baseline,0.642,year
7|INDIA_WEST,2040,rural_treatment_rate_baseline,0.642,year
8|INDIA_WEST,2040,rural_treatment_rate_baseline,0.642,year
9|INDIA_EAST,2040,rural_treatment_rate_baseline,0.642,year
10|INDIA_WEST,2050,rural_treatment_rate_baseline,0.7355,year
13|PAKISTAN,2050,rural_treatment_rate_baseline,0.7355,year
14|PAKISTAN,2050,rural_treatment_rate_baseline,0.7355,year
16|PAKISTAN,2050,rural_treatment_rate_baseline,0.7355,year
17|PAKISTAN,2050,rural_treatment_rate_baseline,0.7355,year
1|AFGHAN_SOUTH,2050,rural_treatment_rate_baseline,0.7355,year
20|PAKISTAN,2050,rural_treatment_rate_baseline,0.7355,year
21|PAKISTAN,2050,rural_treatment_rate_baseline,0.7355,year
22|PAKISTAN,2050,rural_treatment_rate_baseline,0.7355,year
23|PAKISTAN,2050,rural_treatment_rate_baseline,0.7355,year
24|PAKISTAN,2050,rural_treatment_rate_baseline,0.7355,year
2|AFGHAN_NORTH,2050,rural_treatment_rate_baseline,0.7355,year
4|CHINA,2050,rural_treatment_rate_baseline,0.924,year
5|CHINA,2050,rural_treatment_rate_baseline,0.924,year
6|INDIA_WEST,2050,rural_treatment_rate_baseline,0.7355,year
7|INDIA_WEST,2050,rural_treatment_rate_baseline,0.7355,year
8|INDIA_WEST,2050,rural_treatment_rate_baseline,0.7355,year
9|INDIA_EAST,2050,rural_treatment_rate_baseline,0.7355,year
10|INDIA_WEST,2060,rural_treatment_rate_baseline,0.8345,year
13|PAKISTAN,2060,rural_treatment_rate_baseline,0.8345,year
14|PAKISTAN,2060,rural_treatment_rate_baseline,0.8345,year
16|PAKISTAN,2060,rural_treatment_rate_baseline,0.8345,year
17|PAKISTAN,2060,rural_treatment_rate_baseline,0.8345,year
1|AFGHAN_SOUTH,2060,rural_treatment_rate_baseline,0.8345,year
20|PAKISTAN,2060,rural_treatment_rate_baseline,0.8345,year
21|PAKISTAN,2060,rural_treatment_rate_baseline,0.8345,year
22|PAKISTAN,2060,rural_treatment_rate_baseline,0.8345,year
23|PAKISTAN,2060,rural_treatment_rate_baseline,0.8345,year
24|PAKISTAN,2060,rural_treatment_rate_baseline,0.8345,year
2|AFGHAN_NORTH,2060,rural_treatment_rate_baseline,0.8345,year
4|CHINA,2060,rural_treatment_rate_baseline,0.955,year
5|CHINA,2060,rural_treatment_rate_baseline,0.955,year
6|INDIA_WEST,2060,rural_treatment_rate_baseline,0.8345,year
7|INDIA_WEST,2060,rural_treatment_rate_baseline,0.8345,year
8|INDIA_WEST,2060,rural_treatment_rate_baseline,0.8345,year
9|INDIA_EAST,2060,rural_treatment_rate_baseline,0.8345,year
10|INDIA_WEST,2070,rural_treatment_rate_baseline,0.9155,year
13|PAKISTAN,2070,rural_treatment_rate_baseline,0.9155,year
14|PAKISTAN,2070,rural_treatment_rate_baseline,0.9155,year
16|PAKISTAN,2070,rural_treatment_rate_baseline,0.9155,year
17|PAKISTAN,2070,rural_treatment_rate_baseline,0.9155,year
1|AFGHAN_SOUTH,2070,rural_treatment_rate_baseline,0.9155,year
20|PAKISTAN,2070,rural_treatment_rate_baseline,0.9155,year
21|PAKISTAN,2070,rural_treatment_rate_baseline,0.9155,year
22|PAKISTAN,2070,rural_treatment_rate_baseline,0.9155,year
23|PAKISTAN,2070,rural_treatment_rate_baseline,0.9155,year
24|PAKISTAN,2070,rural_treatment_rate_baseline,0.9155,year
2|AFGHAN_NORTH,2070,rural_treatment_rate_baseline,0.9155,year
4|CHINA,2070,rural_treatment_rate_baseline,0.9725,year
5|CHINA,2070,rural_treatment_rate_baseline,0.9725,year
6|INDIA_WEST,2070,rural_treatment_rate_baseline,0.9155,year
7|INDIA_WEST,2070,rural_treatment_rate_baseline,0.9155,year
8|INDIA_WEST,2070,rural_treatment_rate_baseline,0.9155,year
9|INDIA_EAST,2070,rural_treatment_rate_baseline,0.9155,year
10|INDIA_WEST,2010,urban_connection_rate_baseline,0.834,year
13|PAKISTAN,2010,urban_connection_rate_baseline,0.834,year
14|PAKISTAN,2010,urban_connection_rate_baseline,0.834,year
16|PAKISTAN,2010,urban_connection_rate_baseline,0.834,year
17|PAKISTAN,2010,urban_connection_rate_baseline,0.834,year
1|AFGHAN_SOUTH,2010,urban_connection_rate_baseline,0.834,year
20|PAKISTAN,2010,urban_connection_rate_baseline,0.834,year
21|PAKISTAN,2010,urban_connection_rate_baseline,0.834,year
22|PAKISTAN,2010,urban_connection_rate_baseline,0.834,year
23|PAKISTAN,2010,urban_connection_rate_baseline,0.834,year
24|PAKISTAN,2010,urban_connection_rate_baseline,0.834,year
2|AFGHAN_NORTH,2010,urban_connection_rate_baseline,0.834,year
4|CHINA,2010,urban_connection_rate_baseline,0.9175,year
5|CHINA,2010,urban_connection_rate_baseline,0.9175,year
6|INDIA_WEST,2010,urban_connection_rate_baseline,0.834,year
7|INDIA_WEST,2010,urban_connection_rate_baseline,0.834,year
8|INDIA_WEST,2010,urban_connection_rate_baseline,0.834,year
9|INDIA_EAST,2010,urban_connection_rate_baseline,0.834,year
10|INDIA_WEST,2020,urban_connection_rate_baseline,0.8775,year
13|PAKISTAN,2020,urban_connection_rate_baseline,0.8775,year
14|PAKISTAN,2020,urban_connection_rate_baseline,0.8775,year
16|PAKISTAN,2020,urban_connection_rate_baseline,0.8775,year
17|PAKISTAN,2020,urban_connection_rate_baseline,0.8775,year
1|AFGHAN_SOUTH,2020,urban_connection_rate_baseline,0.8775,year
20|PAKISTAN,2020,urban_connection_rate_baseline,0.8775,year
21|PAKISTAN,2020,urban_connection_rate_baseline,0.8775,year
22|PAKISTAN,2020,urban_connection_rate_baseline,0.8775,year
23|PAKISTAN,2020,urban_connection_rate_baseline,0.8775,year
24|PAKISTAN,2020,urban_connection_rate_baseline,0.8775,year
2|AFGHAN_NORTH,2020,urban_connection_rate_baseline,0.8775,year
4|CHINA,2020,urban_connection_rate_baseline,0.966,year
5|CHINA,2020,urban_connection_rate_baseline,0.966,year
6|INDIA_WEST,2020,urban_connection_rate_baseline,0.8775,year
7|INDIA_WEST,2020,urban_connection_rate_baseline,0.8775,year
8|INDIA_WEST,2020,urban_connection_rate_baseline,0.8775,year
9|INDIA_EAST,2020,urban_connection_rate_baseline,0.8775,year
10|INDIA_WEST,2030,urban_connection_rate_baseline,0.901,year
13|PAKISTAN,2030,urban_connection_rate_baseline,0.901,year
14|PAKISTAN,2030,urban_connection_rate_baseline,0.901,year
16|PAKISTAN,2030,urban_connection_rate_baseline,0.901,year
17|PAKISTAN,2030,urban_connection_rate_baseline,0.901,year
1|AFGHAN_SOUTH,2030,urban_connection_rate_baseline,0.901,year
20|PAKISTAN,2030,urban_connection_rate_baseline,0.901,year
21|PAKISTAN,2030,urban_connection_rate_baseline,0.901,year
22|PAKISTAN,2030,urban_connection_rate_baseline,0.901,year
23|PAKISTAN,2030,urban_connection_rate_baseline,0.901,year
24|PAKISTAN,2030,urban_connection_rate_baseline,0.901,year
2|AFGHAN_NORTH,2030,urban_connection_rate_baseline,0.901,year
4|CHINA,2030,urban_connection_rate_baseline,0.98,year
5|CHINA,2030,urban_connection_rate_baseline,0.98,year
6|INDIA_WEST,2030,urban_connection_rate_baseline,0.901,year
7|INDIA_WEST,2030,urban_connection_rate_baseline,0.901,year
8|INDIA_WEST,2030,urban_connection_rate_baseline,0.901,year
9|INDIA_EAST,2030,urban_connection_rate_baseline,0.901,year
10|INDIA_WEST,2040,urban_connection_rate_baseline,0.934,year
13|PAKISTAN,2040,urban_connection_rate_baseline,0.934,year
14|PAKISTAN,2040,urban_connection_rate_baseline,0.934,year
16|PAKISTAN,2040,urban_connection_rate_baseline,0.934,year
17|PAKISTAN,2040,urban_connection_rate_baseline,0.934,year
1|AFGHAN_SOUTH,2040,urban_connection_rate_baseline,0.934,year
20|PAKISTAN,2040,urban_connection_rate_baseline,0.934,year
21|PAKISTAN,2040,urban_connection_rate_baseline,0.934,year
22|PAKISTAN,2040,urban_connection_rate_baseline,0.934,year
23|PAKISTAN,2040,urban_connection_rate_baseline,0.934,year
24|PAKISTAN,2040,urban_connection_rate_baseline,0.934,year
2|AFGHAN_NORTH,2040,urban_connection_rate_baseline,0.934,year
4|CHINA,2040,urban_connection_rate_baseline,0.988,year
5|CHINA,2040,urban_connection_rate_baseline,0.988,year
6|INDIA_WEST,2040,urban_connection_rate_baseline,0.934,year
7|INDIA_WEST,2040,urban_connection_rate_baseline,0.934,year
8|INDIA_WEST,2040,urban_connection_rate_baseline,0.934,year
9|INDIA_EAST,2040,urban_connection_rate_baseline,0.934,year
10|INDIA_WEST,2050,urban_connection_rate_baseline,0.954,year
13|PAKISTAN,2050,urban_connection_rate_baseline,0.954,year
14|PAKISTAN,2050,urban_connection_rate_baseline,0.954,year
16|PAKISTAN,2050,urban_connection_rate_baseline,0.954,year
17|PAKISTAN,2050,urban_connection_rate_baseline,0.954,year
1|AFGHAN_SOUTH,2050,urban_connection_rate_baseline,0.954,year
20|PAKISTAN,2050,urban_connection_rate_baseline,0.954,year
21|PAKISTAN,2050,urban_connection_rate_baseline,0.954,year
22|PAKISTAN,2050,urban_connection_rate_baseline,0.954,year
23|PAKISTAN,2050,urban_connection_rate_baseline,0.954,year
24|PAKISTAN,2050,urban_connection_rate_baseline,0.954,year
2|AFGHAN_NORTH,2050,urban_connection_rate_baseline,0.954,year
4|CHINA,2050,urban_connection_rate_baseline,0.993,year
5|CHINA,2050,urban_connection_rate_baseline,0.993,year
6|INDIA_WEST,2050,urban_connection_rate_baseline,0.954,year
7|INDIA_WEST,2050,urban_connection_rate_baseline,0.954,year
8|INDIA_WEST,2050,urban_connection_rate_baseline,0.954,year
9|INDIA_EAST,2050,urban_connection_rate_baseline,0.954,year
10|INDIA_WEST,2060,urban_connection_rate_baseline,0.963,year
13|PAKISTAN,2060,urban_connection_rate_baseline,0.963,year
14|PAKISTAN,2060,urban_connection_rate_baseline,0.963,year
16|PAKISTAN,2060,urban_connection_rate_baseline,0.963,year
17|PAKISTAN,2060,urban_connection_rate_baseline,0.963,year
1|AFGHAN_SOUTH,2060,urban_connection_rate_baseline,0.963,year
20|PAKISTAN,2060,urban_connection_rate_baseline,0.963,year
21|PAKISTAN,2060,urban_connection_rate_baseline,0.963,year
22|PAKISTAN,2060,urban_connection_rate_baseline,0.963,year
23|PAKISTAN,2060,urban_connection_rate_baseline,0.963,year
24|PAKISTAN,2060,urban_connection_rate_baseline,0.963,year
2|AFGHAN_NORTH,2060,urban_connection_rate_baseline,0.963,year
4|CHINA,2060,urban_connection_rate_baseline,0.9955,year
5|CHINA,2060,urban_connection_rate_baseline,0.9955,year
6|INDIA_WEST,2060,urban_connection_rate_baseline,0.963,year
7|INDIA_WEST,2060,urban_connection_rate_baseline,0.963,year
8|INDIA_WEST,2060,urban_connection_rate_baseline,0.963,year
9|INDIA_EAST,2060,urban_connection_rate_baseline,0.963,year
10|INDIA_WEST,2070,urban_connection_rate_baseline,0.977,year
13|PAKISTAN,2070,urban_connection_rate_baseline,0.977,year
14|PAKISTAN,2070,urban_connection_rate_baseline,0.977,year
16|PAKISTAN,2070,urban_connection_rate_baseline,0.977,year
17|PAKISTAN,2070,urban_connection_rate_baseline,0.977,year
1|AFGHAN_SOUTH,2070,urban_connection_rate_baseline,0.977,year
20|PAKISTAN,2070,urban_connection_rate_baseline,0.977,year
21|PAKISTAN,2070,urban_connection_rate_baseline,0.977,year
22|PAKISTAN,2070,urban_connection_rate_baseline,0.977,year
23|PAKISTAN,2070,urban_connection_rate_baseline,0.977,year
24|PAKISTAN,2070,urban_connection_rate_baseline,0.977,year
2|AFGHAN_NORTH,2070,urban_connection_rate_baseline,0.977,year
4|CHINA,2070,urban_connection_rate_baseline,0.997,year
5|CHINA,2070,urban_connection_rate_baseline,0.997,year
6|INDIA_WEST,2070,urban_connection_rate_baseline,0.977,year
7|INDIA_WEST,2070,urban_connection_rate_baseline,0.977,year
8|INDIA_WEST,2070,urban_connection_rate_baseline,0.977,year
9|INDIA_EAST,2070,urban_connection_rate_baseline,0.977,year
10|INDIA_WEST,2010,urban_recycling_rate_baseline,0.384,year
13|PAKISTAN,2010,urban_recycling_rate_baseline,0.384,year
14|PAKISTAN,2010,urban_recycling_rate_baseline,0.384,year
16|PAKISTAN,2010,urban_recycling_rate_baseline,0.384,year
17|PAKISTAN,2010,urban_recycling_rate_baseline,0.384,year
1|AFGHAN_SOUTH,2010,urban_recycling_rate_baseline,0.384,year
20|PAKISTAN,2010,urban_recycling_rate_baseline,0.384,year
21|PAKISTAN,2010,urban_recycling_rate_baseline,0.384,year
22|PAKISTAN,2010,urban_recycling_rate_baseline,0.384,year
23|PAKISTAN,2010,urban_recycling_rate_baseline,0.384,year
24|PAKISTAN,2010,urban_recycling_rate_baseline,0.384,year
2|AFGHAN_NORTH,2010,urban_recycling_rate_baseline,0.384,year
4|CHINA,2010,urban_recycling_rate_baseline,0.5225,year
5|CHINA,2010,urban_recycling_rate_baseline,0.5225,year
6|INDIA_WEST,2010,urban_recycling_rate_baseline,0.384,year
7|INDIA_WEST,2010,urban_recycling_rate_baseline,0.384,year
8|INDIA_WEST,2010,urban_recycling_rate_baseline,0.384,year
9|INDIA_EAST,2010,urban_recycling_rate_baseline,0.384,year
10|INDIA_WEST,2020,urban_recycling_rate_baseline,0.4014999999999999,year
13|PAKISTAN,2020,urban_recycling_rate_baseline,0.4014999999999999,year
14|PAKISTAN,2020,urban_recycling_rate_baseline,0.4014999999999999,year
16|PAKISTAN,2020,urban_recycling_rate_baseline,0.4014999999999999,year
17|PAKISTAN,2020,urban_recycling_rate_baseline,0.4014999999999999,year
1|AFGHAN_SOUTH,2020,urban_recycling_rate_baseline,0.4014999999999999,year
20|PAKISTAN,2020,urban_recycling_rate_baseline,0.4014999999999999,year
21|PAKISTAN,2020,urban_recycling_rate_baseline,0.4014999999999999,year
22|PAKISTAN,2020,urban_recycling_rate_baseline,0.4014999999999999,year
23|PAKISTAN,2020,urban_recycling_rate_baseline,0.4014999999999999,year
24|PAKISTAN,2020,urban_recycling_rate_baseline,0.4014999999999999,year
2|AFGHAN_NORTH,2020,urban_recycling_rate_baseline,0.4014999999999999,year
4|CHINA,2020,urban_recycling_rate_baseline,0.55,year
5|CHINA,2020,urban_recycling_rate_baseline,0.55,year
6|INDIA_WEST,2020,urban_recycling_rate_baseline,0.4014999999999999,year
7|INDIA_WEST,2020,urban_recycling_rate_baseline,0.4014999999999999,year
8|INDIA_WEST,2020,urban_recycling_rate_baseline,0.4014999999999999,year
9|INDIA_EAST,2020,urban_recycling_rate_baseline,0.4014999999999999,year
10|INDIA_WEST,2030,urban_recycling_rate_baseline,0.511,year
13|PAKISTAN,2030,urban_recycling_rate_baseline,0.511,year
14|PAKISTAN,2030,urban_recycling_rate_baseline,0.511,year
16|PAKISTAN,2030,urban_recycling_rate_baseline,0.511,year
17|PAKISTAN,2030,urban_recycling_rate_baseline,0.511,year
1|AFGHAN_SOUTH,2030,urban_recycling_rate_baseline,0.511,year
20|PAKISTAN,2030,urban_recycling_rate_baseline,0.511,year
21|PAKISTAN,2030,urban_recycling_rate_baseline,0.511,year
22|PAKISTAN,2030,urban_recycling_rate_baseline,0.511,year
23|PAKISTAN,2030,urban_recycling_rate_baseline,0.511,year
24|PAKISTAN,2030,urban_recycling_rate_baseline,0.511,year
2|AFGHAN_NORTH,2030,urban_recycling_rate_baseline,0.511,year
4|CHINA,2030,urban_recycling_rate_baseline,0.6485000000000001,year
5|CHINA,2030,urban_recycling_rate_baseline,0.6485000000000001,year
6|INDIA_WEST,2030,urban_recycling_rate_baseline,0.511,year
7|INDIA_WEST,2030,urban_recycling_rate_baseline,0.511,year
8|INDIA_WEST,2030,urban_recycling_rate_baseline,0.511,year
9|INDIA_EAST,2030,urban_recycling_rate_baseline,0.511,year
10|INDIA_WEST,2040,urban_recycling_rate_baseline,0.5845,year
13|PAKISTAN,2040,urban_recycling_rate_baseline,0.5845,year
14|PAKISTAN,2040,urban_recycling_rate_baseline,0.5845,year
16|PAKISTAN,2040,urban_recycling_rate_baseline,0.5845,year
17|PAKISTAN,2040,urban_recycling_rate_baseline,0.5845,year
1|AFGHAN_SOUTH,2040,urban_recycling_rate_baseline,0.5845,year
20|PAKISTAN,2040,urban_recycling_rate_baseline,0.5845,year
21|PAKISTAN,2040,urban_recycling_rate_baseline,0.5845,year
22|PAKISTAN,2040,urban_recycling_rate_baseline,0.5845,year
23|PAKISTAN,2040,urban_recycling_rate_baseline,0.5845,year
24|PAKISTAN,2040,urban_recycling_rate_baseline,0.5845,year
2|AFGHAN_NORTH,2040,urban_recycling_rate_baseline,0.5845,year
4|CHINA,2040,urban_recycling_rate_baseline,0.709,year
5|CHINA,2040,urban_recycling_rate_baseline,0.709,year
6|INDIA_WEST,2040,urban_recycling_rate_baseline,0.5845,year
7|INDIA_WEST,2040,urban_recycling_rate_baseline,0.5845,year
8|INDIA_WEST,2040,urban_recycling_rate_baseline,0.5845,year
9|INDIA_EAST,2040,urban_recycling_rate_baseline,0.5845,year
10|INDIA_WEST,2050,urban_recycling_rate_baseline,0.658,year
13|PAKISTAN,2050,urban_recycling_rate_baseline,0.658,year
14|PAKISTAN,2050,urban_recycling_rate_baseline,0.658,year
16|PAKISTAN,2050,urban_recycling_rate_baseline,0.658,year
17|PAKISTAN,2050,urban_recycling_rate_baseline,0.658,year
1|AFGHAN_SOUTH,2050,urban_recycling_rate_baseline,0.658,year
20|PAKISTAN,2050,urban_recycling_rate_baseline,0.658,year
21|PAKISTAN,2050,urban_recycling_rate_baseline,0.658,year
22|PAKISTAN,2050,urban_recycling_rate_baseline,0.658,year
23|PAKISTAN,2050,urban_recycling_rate_baseline,0.658,year
24|PAKISTAN,2050,urban_recycling_rate_baseline,0.658,year
2|AFGHAN_NORTH,2050,urban_recycling_rate_baseline,0.658,year
4|CHINA,2050,urban_recycling_rate_baseline,0.741,year
5|CHINA,2050,urban_recycling_rate_baseline,0.741,year
6|INDIA_WEST,2050,urban_recycling_rate_baseline,0.658,year
7|INDIA_WEST,2050,urban_recycling_rate_baseline,0.658,year
8|INDIA_WEST,2050,urban_recycling_rate_baseline,0.658,year
9|INDIA_EAST,2050,urban_recycling_rate_baseline,0.658,year
10|INDIA_WEST,2060,urban_recycling_rate_baseline,0.7175,year
13|PAKISTAN,2060,urban_recycling_rate_baseline,0.7175,year
14|PAKISTAN,2060,urban_recycling_rate_baseline,0.7175,year
16|PAKISTAN,2060,urban_recycling_rate_baseline,0.7175,year
17|PAKISTAN,2060,urban_recycling_rate_baseline,0.7175,year
1|AFGHAN_SOUTH,2060,urban_recycling_rate_baseline,0.7175,year
20|PAKISTAN,2060,urban_recycling_rate_baseline,0.7175,year
21|PAKISTAN,2060,urban_recycling_rate_baseline,0.7175,year
22|PAKISTAN,2060,urban_recycling_rate_baseline,0.7175,year
23|PAKISTAN,2060,urban_recycling_rate_baseline,0.7175,year
24|PAKISTAN,2060,urban_recycling_rate_baseline,0.7175,year
2|AFGHAN_NORTH,2060,urban_recycling_rate_baseline,0.7175,year
4|CHINA,2060,urban_recycling_rate_baseline,0.7645,year
5|CHINA,2060,urban_recycling_rate_baseline,0.7645,year
6|INDIA_WEST,2060,urban_recycling_rate_baseline,0.7175,year
7|INDIA_WEST,2060,urban_recycling_rate_baseline,0.7175,year
8|INDIA_WEST,2060,urban_recycling_rate_baseline,0.7175,year
9|INDIA_EAST,2060,urban_recycling_rate_baseline,0.7175,year
10|INDIA_WEST,2070,urban_recycling_rate_baseline,0.749,year
13|PAKISTAN,2070,urban_recycling_rate_baseline,0.749,year
14|PAKISTAN,2070,urban_recycling_rate_baseline,0.749,year
16|PAKISTAN,2070,urban_recycling_rate_baseline,0.749,year
17|PAKISTAN,2070,urban_recycling_rate_baseline,0.749,year
1|AFGHAN_SOUTH,2070,urban_recycling_rate_baseline,0.749,year
20|PAKISTAN,2070,urban_recycling_rate_baseline,0.749,year
21|PAKISTAN,2070,urban_recycling_rate_baseline,0.749,year
22|PAKISTAN,2070,urban_recycling_rate_baseline,0.749,year
23|PAKISTAN,2070,urban_recycling_rate_baseline,0.749,year
24|PAKISTAN,2070,urban_recycling_rate_baseline,0.749,year
2|AFGHAN_NORTH,2070,urban_recycling_rate_baseline,0.749,year
4|CHINA,2070,urban_recycling_rate_baseline,0.779,year
5|CHINA,2070,urban_recycling_rate_baseline,0.779,year
6|INDIA_WEST,2070,urban_recycling_rate_baseline,0.749,year
7|INDIA_WEST,2070,urban_recycling_rate_baseline,0.749,year
8|INDIA_WEST,2070,urban_recycling_rate_baseline,0.749,year
9|INDIA_EAST,2070,urban_recycling_rate_baseline,0.749,year
10|INDIA_WEST,2010,urban_treatment_rate_baseline,0.479,year
13|PAKISTAN,2010,urban_treatment_rate_baseline,0.479,year
14|PAKISTAN,2010,urban_treatment_rate_baseline,0.479,year
16|PAKISTAN,2010,urban_treatment_rate_baseline,0.479,year
17|PAKISTAN,2010,urban_treatment_rate_baseline,0.479,year
1|AFGHAN_SOUTH,2010,urban_treatment_rate_baseline,0.479,year
20|PAKISTAN,2010,urban_treatment_rate_baseline,0.479,year
21|PAKISTAN,2010,urban_treatment_rate_baseline,0.479,year
22|PAKISTAN,2010,urban_treatment_rate_baseline,0.479,year
23|PAKISTAN,2010,urban_treatment_rate_baseline,0.479,year
24|PAKISTAN,2010,urban_treatment_rate_baseline,0.479,year
2|AFGHAN_NORTH,2010,urban_treatment_rate_baseline,0.479,year
4|CHINA,2010,urban_treatment_rate_baseline,0.653,year
5|CHINA,2010,urban_treatment_rate_baseline,0.653,year
6|INDIA_WEST,2010,urban_treatment_rate_baseline,0.479,year
7|INDIA_WEST,2010,urban_treatment_rate_baseline,0.479,year
8|INDIA_WEST,2010,urban_treatment_rate_baseline,0.479,year
9|INDIA_EAST,2010,urban_treatment_rate_baseline,0.479,year
10|INDIA_WEST,2020,urban_treatment_rate_baseline,0.5025,year
13|PAKISTAN,2020,urban_treatment_rate_baseline,0.5025,year
14|PAKISTAN,2020,urban_treatment_rate_baseline,0.5025,year
16|PAKISTAN,2020,urban_treatment_rate_baseline,0.5025,year
17|PAKISTAN,2020,urban_treatment_rate_baseline,0.5025,year
1|AFGHAN_SOUTH,2020,urban_treatment_rate_baseline,0.5025,year
20|PAKISTAN,2020,urban_treatment_rate_baseline,0.5025,year
21|PAKISTAN,2020,urban_treatment_rate_baseline,0.5025,year
22|PAKISTAN,2020,urban_treatment_rate_baseline,0.5025,year
23|PAKISTAN,2020,urban_treatment_rate_baseline,0.5025,year
24|PAKISTAN,2020,urban_treatment_rate_baseline,0.5025,year
2|AFGHAN_NORTH,2020,urban_treatment_rate_baseline,0.5025,year
4|CHINA,2020,urban_treatment_rate_baseline,0.687,year
5|CHINA,2020,urban_treatment_rate_baseline,0.687,year
6|INDIA_WEST,2020,urban_treatment_rate_baseline,0.5025,year
7|INDIA_WEST,2020,urban_treatment_rate_baseline,0.5025,year
8|INDIA_WEST,2020,urban_treatment_rate_baseline,0.5025,year
9|INDIA_EAST,2020,urban_treatment_rate_baseline,0.5025,year
10|INDIA_WEST,2030,urban_treatment_rate_baseline,0.638,year
13|PAKISTAN,2030,urban_treatment_rate_baseline,0.638,year
14|PAKISTAN,2030,urban_treatment_rate_baseline,0.638,year
16|PAKISTAN,2030,urban_treatment_rate_baseline,0.638,year
17|PAKISTAN,2030,urban_treatment_rate_baseline,0.638,year
1|AFGHAN_SOUTH,2030,urban_treatment_rate_baseline,0.638,year
20|PAKISTAN,2030,urban_treatment_rate_baseline,0.638,year
21|PAKISTAN,2030,urban_treatment_rate_baseline,0.638,year
22|PAKISTAN,2030,urban_treatment_rate_baseline,0.638,year
23|PAKISTAN,2030,urban_treatment_rate_baseline,0.638,year
24|PAKISTAN,2030,urban_treatment_rate_baseline,0.638,year
2|AFGHAN_NORTH,2030,urban_treatment_rate_baseline,0.638,year
4|CHINA,2030,urban_treatment_rate_baseline,0.81,year
5|CHINA,2030,urban_treatment_rate_baseline,0.81,year
6|INDIA_WEST,2030,urban_treatment_rate_baseline,0.638,year
7|INDIA_WEST,2030,urban_treatment_rate_baseline,0.638,year
8|INDIA_WEST,2030,urban_treatment_rate_baseline,0.638,year
9|INDIA_EAST,2030,urban_treatment_rate_baseline,0.638,year
10|INDIA_WEST,2040,urban_treatment_rate_baseline,0.73,year
13|PAKISTAN,2040,urban_treatment_rate_baseline,0.73,year
14|PAKISTAN,2040,urban_treatment_rate_baseline,0.73,year
16|PAKISTAN,2040,urban_treatment_rate_baseline,0.73,year
17|PAKISTAN,2040,urban_treatment_rate_baseline,0.73,year
1|AFGHAN_SOUTH,2040,urban_treatment_rate_baseline,0.73,year
20|PAKISTAN,2040,urban_treatment_rate_baseline,0.73,year
21|PAKISTAN,2040,urban_treatment_rate_baseline,0.73,year
22|PAKISTAN,2040,urban_treatment_rate_baseline,0.73,year
23|PAKISTAN,2040,urban_treatment_rate_baseline,0.73,year
24|PAKISTAN,2040,urban_treatment_rate_baseline,0.73,year
2|AFGHAN_NORTH,2040,urban_treatment_rate_baseline,0.73,year
4|CHINA,2040,urban_treatment_rate_baseline,0.8865000000000001,year
5|CHINA,2040,urban_treatment_rate_baseline,0.8865000000000001,year
6|INDIA_WEST,2040,urban_treatment_rate_baseline,0.73,year
7|INDIA_WEST,2040,urban_treatment_rate_baseline,0.73,year
8|INDIA_WEST,2040,urban_treatment_rate_baseline,0.73,year
9|INDIA_EAST,2040,urban_treatment_rate_baseline,0.73,year
10|INDIA_WEST,2050,urban_treatment_rate_baseline,0.8220000000000001,year
13|PAKISTAN,2050,urban_treatment_rate_baseline,0.8220000000000001,year
14|PAKISTAN,2050,urban_treatment_rate_baseline,0.8220000000000001,year
16|PAKISTAN,2050,urban_treatment_rate_baseline,0.8220000000000001,year
17|PAKISTAN,2050,urban_treatment_rate_baseline,0.8220000000000001,year
1|AFGHAN_SOUTH,2050,urban_treatment_rate_baseline,0.8220000000000001,year
20|PAKISTAN,2050,urban_treatment_rate_baseline,0.8220000000000001,year
21|PAKISTAN,2050,urban_treatment_rate_baseline,0.8220000000000001,year
22|PAKISTAN,2050,urban_treatment_rate_baseline,0.8220000000000001,year
23|PAKISTAN,2050,urban_treatment_rate_baseline,0.8220000000000001,year
24|PAKISTAN,2050,urban_treatment_rate_baseline,0.8220000000000001,year
2|AFGHAN_NORTH,2050,urban_treatment_rate_baseline,0.8220000000000001,year
4|CHINA,2050,urban_treatment_rate_baseline,0.926,year
5|CHINA,2050,urban_treatment_rate_baseline,0.926,year
6|INDIA_WEST,2050,urban_treatment_rate_baseline,0.8220000000000001,year
7|INDIA_WEST,2050,urban_treatment_rate_baseline,0.8220000000000001,year
8|INDIA_WEST,2050,urban_treatment_rate_baseline,0.8220000000000001,year
9|INDIA_EAST,2050,urban_treatment_rate_baseline,0.8220000000000001,year
10|INDIA_WEST,2060,urban_treatment_rate_baseline,0.8985000000000001,year
13|PAKISTAN,2060,urban_treatment_rate_baseline,0.8985000000000001,year
14|PAKISTAN,2060,urban_treatment_rate_baseline,0.8985000000000001,year
16|PAKISTAN,2060,urban_treatment_rate_baseline,0.8985000000000001,year
17|PAKISTAN,2060,urban_treatment_rate_baseline,0.8985000000000001,year
1|AFGHAN_SOUTH,2060,urban_treatment_rate_baseline,0.8985000000000001,year
20|PAKISTAN,2060,urban_treatment_rate_baseline,0.8985000000000001,year
21|PAKISTAN,2060,urban_treatment_rate_baseline,0.8985000000000001,year
22|PAKISTAN,2060,urban_treatment_rate_baseline,0.8985000000000001,year
23|PAKISTAN,2060,urban_treatment_rate_baseline,0.8985000000000001,year
24|PAKISTAN,2060,urban_treatment_rate_baseline,0.8985000000000001,year
2|AFGHAN_NORTH,2060,urban_treatment_rate_baseline,0.8985000000000001,year
4|CHINA,2060,urban_treatment_rate_baseline,0.9555,year
5|CHINA,2060,urban_treatment_rate_baseline,0.9555,year
6|INDIA_WEST,2060,urban_treatment_rate_baseline,0.8985000000000001,year
7|INDIA_WEST,2060,urban_treatment_rate_baseline,0.8985000000000001,year
8|INDIA_WEST,2060,urban_treatment_rate_baseline,0.8985000000000001,year
9|INDIA_EAST,2060,urban_treatment_rate_baseline,0.8985000000000001,year
10|INDIA_WEST,2070,urban_treatment_rate_baseline,0.938,year
13|PAKISTAN,2070,urban_treatment_rate_baseline,0.938,year
14|PAKISTAN,2070,urban_treatment_rate_baseline,0.938,year
16|PAKISTAN,2070,urban_treatment_rate_baseline,0.938,year
17|PAKISTAN,2070,urban_treatment_rate_baseline,0.938,year
1|AFGHAN_SOUTH,2070,urban_treatment_rate_baseline,0.938,year
20|PAKISTAN,2070,urban_treatment_rate_baseline,0.938,year
21|PAKISTAN,2070,urban_treatment_rate_baseline,0.938,year
22|PAKISTAN,2070,urban_treatment_rate_baseline,0.938,year
23|PAKISTAN,2070,urban_treatment_rate_baseline,0.938,year
24|PAKISTAN,2070,urban_treatment_rate_baseline,0.938,year
2|AFGHAN_NORTH,2070,urban_treatment_rate_baseline,0.938,year
4|CHINA,2070,urban_treatment_rate_baseline,0.974,year
5|CHINA,2070,urban_treatment_rate_baseline,0.974,year
6|INDIA_WEST,2070,urban_treatment_rate_baseline,0.938,year
7|INDIA_WEST,2070,urban_treatment_rate_baseline,0.938,year
8|INDIA_WEST,2070,urban_treatment_rate_baseline,0.938,year
9|INDIA_EAST,2070,urban_treatment_rate_baseline,0.938,year
