node,crop,irrigation,value,unit
1|AFGHAN_SOUTH,cotton,irrigated,172.928,kgCO2eq/ha
1|AFGHAN_SOUTH,fodder,irrigated,89.99429714021032,kgCO2eq/ha
1|AFGHAN_SOUTH,fruit,irrigated,878.5700000000002,kgCO2eq/ha
1|AFGHAN_SOUTH,maize,irrigated,104.69303020548121,kgCO2eq/ha
1|AFGHAN_SOUTH,pulses,irrigated,89.99429714021032,kgCO2eq/ha
1|AFGHAN_SOUTH,rice,irrigated,163.98108895195895,kgCO2eq/ha
1|AFGHAN_SOUTH,sugarcane,irrigated,241.97275521582128,kgCO2eq/ha
1|AFGHAN_SOUTH,vegetables,irrigated,159.74,kgCO2eq/ha
1|AFGHAN_SOUTH,wheat,irrigated,173.31069509644962,kgCO2eq/ha
1|AFGHAN_SOUTH,wheat,rainfed,110.97954677158425,kgCO2eq/ha
2|AFGHAN_NORTH,fodder,irrigated,100.95599999999999,kgCO2eq/ha
2|AFGHAN_NORTH,fruit,irrigated,878.57,kgCO2eq/ha
2|AFGHAN_NORTH,maize,irrigated,158.007,kgCO2eq/ha
2|AFGHAN_NORTH,pulses,irrigated,100.95599999999999,kgCO2eq/ha
2|AFGHAN_NORTH,rice,irrigated,197.88899999999998,kgCO2eq/ha
2|AFGHAN_NORTH,sugarcane,irrigated,237.73999999999998,kgCO2eq/ha
2|AFGHAN_NORTH,vegetables,irrigated,159.74,kgCO2eq/ha
2|AFGHAN_NORTH,wheat,irrigated,176.9675,kgCO2eq/ha
2|AFGHAN_NORTH,wheat,rainfed,88.3615,kgCO2eq/ha
3|CHINA,cotton,irrigated,122.80054056267574,kgCO2eq/ha
3|CHINA,cotton,rainfed,61.23300000000001,kgCO2eq/ha
3|CHINA,fodder,irrigated,75.29190326509136,kgCO2eq/ha
3|CHINA,fodder,rainfed,29.9155,kgCO2eq/ha
3|CHINA,fruit,irrigated,878.57,kgCO2eq/ha
3|CHINA,maize,irrigated,100.842,kgCO2eq/ha
3|CHINA,pulses,irrigated,62.543869737928,kgCO2eq/ha
3|CHINA,pulses,rainfed,15.2776,kgCO2eq/ha
3|CHINA,rice,irrigated,121.53984461669094,kgCO2eq/ha
3|CHINA,rice,rainfed,49.74520000000001,kgCO2eq/ha
3|CHINA,sugarcane,irrigated,242.2785,kgCO2eq/ha
3|CHINA,vegetables,irrigated,159.74000000000004,kgCO2eq/ha
3|CHINA,vegetables,rainfed,55.655499999999996,kgCO2eq/ha
3|CHINA,wheat,irrigated,123.43601337840158,kgCO2eq/ha
3|CHINA,wheat,rainfed,83.59251870427187,kgCO2eq/ha
4|CHINA,cotton,irrigated,97.5404,kgCO2eq/ha
4|CHINA,cotton,rainfed,61.233000000000004,kgCO2eq/ha
4|CHINA,fodder,irrigated,68.2821,kgCO2eq/ha
4|CHINA,fodder,rainfed,29.9155,kgCO2eq/ha
4|CHINA,fruit,irrigated,878.5699999999999,kgCO2eq/ha
4|CHINA,pulses,irrigated,49.110099999999996,kgCO2eq/ha
4|CHINA,pulses,rainfed,15.2776,kgCO2eq/ha
4|CHINA,rice,irrigated,99.507,kgCO2eq/ha
4|CHINA,rice,rainfed,49.745200000000004,kgCO2eq/ha
4|CHINA,vegetables,irrigated,159.74,kgCO2eq/ha
4|CHINA,vegetables,rainfed,55.6555,kgCO2eq/ha
4|CHINA,wheat,irrigated,93.1911,kgCO2eq/ha
4|CHINA,wheat,rainfed,48.4916,kgCO2eq/ha
5|CHINA,cotton,irrigated,97.5404,kgCO2eq/ha
5|CHINA,cotton,rainfed,61.23299999999999,kgCO2eq/ha
5|CHINA,fodder,irrigated,68.28209999999999,kgCO2eq/ha
5|CHINA,fodder,rainfed,29.915499999999994,kgCO2eq/ha
5|CHINA,fruit,irrigated,878.5699999999999,kgCO2eq/ha
5|CHINA,pulses,irrigated,49.110099999999996,kgCO2eq/ha
5|CHINA,pulses,rainfed,15.277599999999998,kgCO2eq/ha
5|CHINA,rice,irrigated,99.507,kgCO2eq/ha
5|CHINA,rice,rainfed,49.7452,kgCO2eq/ha
5|CHINA,vegetables,irrigated,159.74,kgCO2eq/ha
5|CHINA,vegetables,rainfed,55.65549999999999,kgCO2eq/ha
5|CHINA,wheat,irrigated,93.1911,kgCO2eq/ha
5|CHINA,wheat,rainfed,48.4916,kgCO2eq/ha
6|INDIA_WEST,cotton,irrigated,134.07540639947368,kgCO2eq/ha
6|INDIA_WEST,cotton,rainfed,61.233000000000004,kgCO2eq/ha
6|INDIA_WEST,fodder,irrigated,80.16442713088237,kgCO2eq/ha
6|INDIA_WEST,fodder,rainfed,29.9155,kgCO2eq/ha
6|INDIA_WEST,fruit,irrigated,878.5700000000003,kgCO2eq/ha
6|INDIA_WEST,maize,irrigated,109.27511072975395,kgCO2eq/ha
6|INDIA_WEST,pulses,irrigated,71.0482640024575,kgCO2eq/ha
6|INDIA_WEST,pulses,rainfed,15.277600000000001,kgCO2eq/ha
6|INDIA_WEST,rice,irrigated,136.52088040628627,kgCO2eq/ha
6|INDIA_WEST,rice,rainfed,49.745200000000004,kgCO2eq/ha
6|INDIA_WEST,sugarcane,irrigated,241.60897016448897,kgCO2eq/ha
6|INDIA_WEST,vegetables,irrigated,159.74000000000004,kgCO2eq/ha
6|INDIA_WEST,vegetables,rainfed,55.655499999999996,kgCO2eq/ha
6|INDIA_WEST,wheat,irrigated,140.03333835840576,kgCO2eq/ha
6|INDIA_WEST,wheat,rainfed,98.41654441477247,kgCO2eq/ha
7|INDIA_WEST,cotton,irrigated,123.87580064452457,kgCO2eq/ha
7|INDIA_WEST,cotton,rainfed,61.23300000000001,kgCO2eq/ha
7|INDIA_WEST,fodder,irrigated,75.59029280151792,kgCO2eq/ha
7|INDIA_WEST,fodder,rainfed,29.9155,kgCO2eq/ha
7|INDIA_WEST,fruit,irrigated,878.5700000000002,kgCO2eq/ha
7|INDIA_WEST,maize,irrigated,100.842,kgCO2eq/ha
7|INDIA_WEST,pulses,irrigated,63.11571122519535,kgCO2eq/ha
7|INDIA_WEST,pulses,rainfed,15.2776,kgCO2eq/ha
7|INDIA_WEST,rice,irrigated,122.47772689993172,kgCO2eq/ha
7|INDIA_WEST,rice,rainfed,49.74520000000001,kgCO2eq/ha
7|INDIA_WEST,sugarcane,irrigated,242.2785,kgCO2eq/ha
7|INDIA_WEST,vegetables,irrigated,159.74000000000004,kgCO2eq/ha
7|INDIA_WEST,vegetables,rainfed,55.655499999999996,kgCO2eq/ha
7|INDIA_WEST,wheat,irrigated,124.72346258930679,kgCO2eq/ha
7|INDIA_WEST,wheat,rainfed,85.08667573895967,kgCO2eq/ha
8|INDIA_WEST,cotton,irrigated,145.10232569080208,kgCO2eq/ha
8|INDIA_WEST,cotton,rainfed,61.233000000000004,kgCO2eq/ha
8|INDIA_WEST,fodder,irrigated,81.48074951559482,kgCO2eq/ha
8|INDIA_WEST,fodder,rainfed,29.9155,kgCO2eq/ha
8|INDIA_WEST,fruit,irrigated,878.57,kgCO2eq/ha
8|INDIA_WEST,maize,irrigated,100.842,kgCO2eq/ha
8|INDIA_WEST,pulses,irrigated,74.40433604897773,kgCO2eq/ha
8|INDIA_WEST,pulses,rainfed,15.2776,kgCO2eq/ha
8|INDIA_WEST,rice,irrigated,140.99230036148933,kgCO2eq/ha
8|INDIA_WEST,rice,rainfed,49.745200000000004,kgCO2eq/ha
8|INDIA_WEST,sugarcane,irrigated,242.27850000000004,kgCO2eq/ha
8|INDIA_WEST,vegetables,irrigated,159.74,kgCO2eq/ha
8|INDIA_WEST,vegetables,rainfed,55.655499999999996,kgCO2eq/ha
8|INDIA_WEST,wheat,irrigated,150.138776876898,kgCO2eq/ha
8|INDIA_WEST,wheat,rainfed,114.58257375959418,kgCO2eq/ha
9|INDIA_EAST,cotton,irrigated,122.80054056267574,kgCO2eq/ha
9|INDIA_EAST,cotton,rainfed,61.23300000000001,kgCO2eq/ha
9|INDIA_EAST,fodder,irrigated,75.29190326509136,kgCO2eq/ha
9|INDIA_EAST,fodder,rainfed,29.9155,kgCO2eq/ha
9|INDIA_EAST,fruit,irrigated,878.57,kgCO2eq/ha
9|INDIA_EAST,maize,irrigated,100.842,kgCO2eq/ha
9|INDIA_EAST,pulses,irrigated,62.543869737928,kgCO2eq/ha
9|INDIA_EAST,pulses,rainfed,15.2776,kgCO2eq/ha
9|INDIA_EAST,rice,irrigated,121.53984461669094,kgCO2eq/ha
9|INDIA_EAST,rice,rainfed,49.74520000000001,kgCO2eq/ha
9|INDIA_EAST,sugarcane,irrigated,242.2785,kgCO2eq/ha
9|INDIA_EAST,vegetables,irrigated,159.74000000000004,kgCO2eq/ha
9|INDIA_EAST,vegetables,rainfed,55.655499999999996,kgCO2eq/ha
9|INDIA_EAST,wheat,irrigated,123.43601337840158,kgCO2eq/ha
9|INDIA_EAST,wheat,rainfed,83.59251870427187,kgCO2eq/ha
10|INDIA_WEST,cotton,irrigated,97.5404,kgCO2eq/ha
10|INDIA_WEST,cotton,rainfed,61.233000000000004,kgCO2eq/ha
10|INDIA_WEST,fodder,irrigated,68.2821,kgCO2eq/ha
10|INDIA_WEST,fodder,rainfed,29.9155,kgCO2eq/ha
10|INDIA_WEST,fruit,irrigated,878.5699999999999,kgCO2eq/ha
10|INDIA_WEST,pulses,irrigated,49.110099999999996,kgCO2eq/ha
10|INDIA_WEST,pulses,rainfed,15.2776,kgCO2eq/ha
10|INDIA_WEST,rice,irrigated,99.507,kgCO2eq/ha
10|INDIA_WEST,rice,rainfed,49.745200000000004,kgCO2eq/ha
10|INDIA_WEST,vegetables,irrigated,159.74,kgCO2eq/ha
10|INDIA_WEST,vegetables,rainfed,55.6555,kgCO2eq/ha
10|INDIA_WEST,wheat,irrigated,93.1911,kgCO2eq/ha
10|INDIA_WEST,wheat,rainfed,48.4916,kgCO2eq/ha
11|INDIA_WEST,cotton,irrigated,97.5404,kgCO2eq/ha
11|INDIA_WEST,cotton,rainfed,61.23299999999999,kgCO2eq/ha
11|INDIA_WEST,fodder,irrigated,68.28209999999999,kgCO2eq/ha
11|INDIA_WEST,fodder,rainfed,29.915499999999994,kgCO2eq/ha
11|INDIA_WEST,fruit,irrigated,878.5699999999999,kgCO2eq/ha
11|INDIA_WEST,pulses,irrigated,49.110099999999996,kgCO2eq/ha
11|INDIA_WEST,pulses,rainfed,15.277599999999998,kgCO2eq/ha
11|INDIA_WEST,rice,irrigated,99.507,kgCO2eq/ha
11|INDIA_WEST,rice,rainfed,49.7452,kgCO2eq/ha
11|INDIA_WEST,vegetables,irrigated,159.74,kgCO2eq/ha
11|INDIA_WEST,vegetables,rainfed,55.65549999999999,kgCO2eq/ha
11|INDIA_WEST,wheat,irrigated,93.1911,kgCO2eq/ha
11|INDIA_WEST,wheat,rainfed,48.4916,kgCO2eq/ha
12|PAKISTAN,cotton,irrigated,134.07540639947368,kgCO2eq/ha
12|PAKISTAN,cotton,rainfed,61.233000000000004,kgCO2eq/ha
12|PAKISTAN,fodder,irrigated,80.16442713088237,kgCO2eq/ha
12|PAKISTAN,fodder,rainfed,29.9155,kgCO2eq/ha
12|PAKISTAN,fruit,irrigated,878.5700000000003,kgCO2eq/ha
12|PAKISTAN,maize,irrigated,109.27511072975395,kgCO2eq/ha
12|PAKISTAN,pulses,irrigated,71.0482640024575,kgCO2eq/ha
12|PAKISTAN,pulses,rainfed,15.277600000000001,kgCO2eq/ha
12|PAKISTAN,rice,irrigated,136.52088040628627,kgCO2eq/ha
12|PAKISTAN,rice,rainfed,49.745200000000004,kgCO2eq/ha
12|PAKISTAN,sugarcane,irrigated,241.60897016448897,kgCO2eq/ha
12|PAKISTAN,vegetables,irrigated,159.74000000000004,kgCO2eq/ha
12|PAKISTAN,vegetables,rainfed,55.655499999999996,kgCO2eq/ha
12|PAKISTAN,wheat,irrigated,140.03333835840576,kgCO2eq/ha
12|PAKISTAN,wheat,rainfed,98.41654441477247,kgCO2eq/ha
13|PAKISTAN,cotton,irrigated,123.87580064452457,kgCO2eq/ha
13|PAKISTAN,cotton,rainfed,61.23300000000001,kgCO2eq/ha
13|PAKISTAN,fodder,irrigated,75.59029280151792,kgCO2eq/ha
13|PAKISTAN,fodder,rainfed,29.9155,kgCO2eq/ha
13|PAKISTAN,fruit,irrigated,878.5700000000002,kgCO2eq/ha
13|PAKISTAN,maize,irrigated,100.842,kgCO2eq/ha
13|PAKISTAN,pulses,irrigated,63.11571122519535,kgCO2eq/ha
13|PAKISTAN,pulses,rainfed,15.2776,kgCO2eq/ha
13|PAKISTAN,rice,irrigated,122.47772689993172,kgCO2eq/ha
13|PAKISTAN,rice,rainfed,49.74520000000001,kgCO2eq/ha
13|PAKISTAN,sugarcane,irrigated,242.2785,kgCO2eq/ha
13|PAKISTAN,vegetables,irrigated,159.74000000000004,kgCO2eq/ha
13|PAKISTAN,vegetables,rainfed,55.655499999999996,kgCO2eq/ha
13|PAKISTAN,wheat,irrigated,124.72346258930679,kgCO2eq/ha
13|PAKISTAN,wheat,rainfed,85.08667573895967,kgCO2eq/ha
14|PAKISTAN,cotton,irrigated,172.928,kgCO2eq/ha
14|PAKISTAN,fodder,irrigated,89.2025,kgCO2eq/ha
14|PAKISTAN,fruit,irrigated,878.57,kgCO2eq/ha
14|PAKISTAN,maize,irrigated,100.842,kgCO2eq/ha
14|PAKISTAN,pulses,irrigated,89.2025,kgCO2eq/ha
14|PAKISTAN,rice,irrigated,165.2629,kgCO2eq/ha
14|PAKISTAN,sugarcane,irrigated,242.2785,kgCO2eq/ha
14|PAKISTAN,vegetables,irrigated,159.74,kgCO2eq/ha
14|PAKISTAN,wheat,irrigated,183.4555,kgCO2eq/ha
14|PAKISTAN,wheat,rainfed,153.24849999999998,kgCO2eq/ha
15|PAKISTAN,cotton,irrigated,151.087,kgCO2eq/ha
15|PAKISTAN,fodder,irrigated,116.922,kgCO2eq/ha
15|PAKISTAN,fruit,irrigated,878.57,kgCO2eq/ha
15|PAKISTAN,pulses,irrigated,116.922,kgCO2eq/ha
15|PAKISTAN,rice,irrigated,197.35045,kgCO2eq/ha
15|PAKISTAN,sugarcane,irrigated,325.47724999999997,kgCO2eq/ha
15|PAKISTAN,vegetables,irrigated,159.74,kgCO2eq/ha
15|PAKISTAN,wheat,irrigated,185.0075,kgCO2eq/ha
16|PAKISTAN,cotton,irrigated,164.74535892157962,kgCO2eq/ha
16|PAKISTAN,fodder,irrigated,99.58749699525077,kgCO2eq/ha
16|PAKISTAN,fruit,irrigated,878.5699999999999,kgCO2eq/ha
16|PAKISTAN,maize,irrigated,100.842,kgCO2eq/ha
16|PAKISTAN,pulses,irrigated,99.58749699525077,kgCO2eq/ha
16|PAKISTAN,rice,irrigated,173.82929349359193,kgCO2eq/ha
16|PAKISTAN,sugarcane,irrigated,273.4485704831841,kgCO2eq/ha
16|PAKISTAN,vegetables,irrigated,159.73999999999998,kgCO2eq/ha
16|PAKISTAN,wheat,irrigated,179.53247660677212,kgCO2eq/ha
16|PAKISTAN,wheat,rainfed,127.95432077269085,kgCO2eq/ha
17|PAKISTAN,cotton,irrigated,151.087,kgCO2eq/ha
17|PAKISTAN,fodder,irrigated,116.92199999999998,kgCO2eq/ha
17|PAKISTAN,fruit,irrigated,878.57,kgCO2eq/ha
17|PAKISTAN,pulses,irrigated,116.92199999999998,kgCO2eq/ha
17|PAKISTAN,rice,irrigated,167.92670856929183,kgCO2eq/ha
17|PAKISTAN,sugarcane,irrigated,325.47724999999997,kgCO2eq/ha
17|PAKISTAN,vegetables,irrigated,159.74,kgCO2eq/ha
17|PAKISTAN,wheat,irrigated,166.24349493664,kgCO2eq/ha
17|PAKISTAN,wheat,rainfed,62.481,kgCO2eq/ha
18|PAKISTAN,fodder,irrigated,100.95599999999999,kgCO2eq/ha
18|PAKISTAN,fruit,irrigated,878.57,kgCO2eq/ha
18|PAKISTAN,maize,irrigated,158.007,kgCO2eq/ha
18|PAKISTAN,pulses,irrigated,100.95599999999999,kgCO2eq/ha
18|PAKISTAN,rice,irrigated,197.88899999999998,kgCO2eq/ha
18|PAKISTAN,sugarcane,irrigated,237.73999999999998,kgCO2eq/ha
18|PAKISTAN,vegetables,irrigated,159.74,kgCO2eq/ha
18|PAKISTAN,wheat,irrigated,176.9675,kgCO2eq/ha
18|PAKISTAN,wheat,rainfed,88.3615,kgCO2eq/ha
19|PAKISTAN,fodder,irrigated,100.95599999999999,kgCO2eq/ha
19|PAKISTAN,fruit,irrigated,878.57,kgCO2eq/ha
19|PAKISTAN,maize,irrigated,158.007,kgCO2eq/ha
19|PAKISTAN,pulses,irrigated,100.95599999999999,kgCO2eq/ha
19|PAKISTAN,rice,irrigated,197.88899999999998,kgCO2eq/ha
19|PAKISTAN,sugarcane,irrigated,237.73999999999998,kgCO2eq/ha
19|PAKISTAN,vegetables,irrigated,159.74,kgCO2eq/ha
19|PAKISTAN,wheat,irrigated,176.9675,kgCO2eq/ha
19|PAKISTAN,wheat,rainfed,88.3615,kgCO2eq/ha
20|PAKISTAN,cotton,irrigated,145.10232569080208,kgCO2eq/ha
20|PAKISTAN,cotton,rainfed,61.233000000000004,kgCO2eq/ha
20|PAKISTAN,fodder,irrigated,81.48074951559482,kgCO2eq/ha
20|PAKISTAN,fodder,rainfed,29.9155,kgCO2eq/ha
20|PAKISTAN,fruit,irrigated,878.57,kgCO2eq/ha
20|PAKISTAN,maize,irrigated,100.842,kgCO2eq/ha
20|PAKISTAN,pulses,irrigated,74.40433604897773,kgCO2eq/ha
20|PAKISTAN,pulses,rainfed,15.2776,kgCO2eq/ha
20|PAKISTAN,rice,irrigated,140.99230036148933,kgCO2eq/ha
20|PAKISTAN,rice,rainfed,49.745200000000004,kgCO2eq/ha
20|PAKISTAN,sugarcane,irrigated,242.27850000000004,kgCO2eq/ha
20|PAKISTAN,vegetables,irrigated,159.74,kgCO2eq/ha
20|PAKISTAN,vegetables,rainfed,55.655499999999996,kgCO2eq/ha
20|PAKISTAN,wheat,irrigated,150.138776876898,kgCO2eq/ha
20|PAKISTAN,wheat,rainfed,114.58257375959418,kgCO2eq/ha
21|PAKISTAN,cotton,irrigated,122.80054056267574,kgCO2eq/ha
21|PAKISTAN,cotton,rainfed,61.23300000000001,kgCO2eq/ha
21|PAKISTAN,fodder,irrigated,75.29190326509136,kgCO2eq/ha
21|PAKISTAN,fodder,rainfed,29.9155,kgCO2eq/ha
21|PAKISTAN,fruit,irrigated,878.57,kgCO2eq/ha
21|PAKISTAN,maize,irrigated,100.842,kgCO2eq/ha
21|PAKISTAN,pulses,irrigated,62.543869737928,kgCO2eq/ha
21|PAKISTAN,pulses,rainfed,15.2776,kgCO2eq/ha
21|PAKISTAN,rice,irrigated,121.53984461669094,kgCO2eq/ha
21|PAKISTAN,rice,rainfed,49.74520000000001,kgCO2eq/ha
21|PAKISTAN,sugarcane,irrigated,242.2785,kgCO2eq/ha
21|PAKISTAN,vegetables,irrigated,159.74000000000004,kgCO2eq/ha
21|PAKISTAN,vegetables,rainfed,55.655499999999996,kgCO2eq/ha
21|PAKISTAN,wheat,irrigated,123.43601337840158,kgCO2eq/ha
21|PAKISTAN,wheat,rainfed,83.59251870427187,kgCO2eq/ha
22|PAKISTAN,cotton,irrigated,97.5404,kgCO2eq/ha
22|PAKISTAN,cotton,rainfed,61.23299999999999,kgCO2eq/ha
22|PAKISTAN,fodder,irrigated,68.28209999999999,kgCO2eq/ha
22|PAKISTAN,fodder,rainfed,29.915499999999994,kgCO2eq/ha
22|PAKISTAN,fruit,irrigated,878.5699999999999,kgCO2eq/ha
22|PAKISTAN,pulses,irrigated,49.110099999999996,kgCO2eq/ha
22|PAKISTAN,pulses,rainfed,15.277599999999998,kgCO2eq/ha
22|PAKISTAN,rice,irrigated,99.507,kgCO2eq/ha
22|PAKISTAN,rice,rainfed,49.7452,kgCO2eq/ha
22|PAKISTAN,vegetables,irrigated,159.74,kgCO2eq/ha
22|PAKISTAN,vegetables,rainfed,55.65549999999999,kgCO2eq/ha
22|PAKISTAN,wheat,irrigated,93.1911,kgCO2eq/ha
22|PAKISTAN,wheat,rainfed,48.4916,kgCO2eq/ha
23|PAKISTAN,cotton,irrigated,172.928,kgCO2eq/ha
23|PAKISTAN,fodder,irrigated,89.99429714021032,kgCO2eq/ha
23|PAKISTAN,fruit,irrigated,878.5700000000002,kgCO2eq/ha
23|PAKISTAN,maize,irrigated,104.69303020548121,kgCO2eq/ha
23|PAKISTAN,pulses,irrigated,89.99429714021032,kgCO2eq/ha
23|PAKISTAN,rice,irrigated,163.98108895195895,kgCO2eq/ha
23|PAKISTAN,sugarcane,irrigated,241.97275521582128,kgCO2eq/ha
23|PAKISTAN,vegetables,irrigated,159.74,kgCO2eq/ha
23|PAKISTAN,wheat,irrigated,173.31069509644962,kgCO2eq/ha
23|PAKISTAN,wheat,rainfed,110.97954677158425,kgCO2eq/ha
24|PAKISTAN,cotton,irrigated,97.5404,kgCO2eq/ha
24|PAKISTAN,cotton,rainfed,61.233000000000004,kgCO2eq/ha
24|PAKISTAN,fodder,irrigated,68.2821,kgCO2eq/ha
24|PAKISTAN,fodder,rainfed,29.9155,kgCO2eq/ha
24|PAKISTAN,fruit,irrigated,878.5699999999999,kgCO2eq/ha
24|PAKISTAN,pulses,irrigated,49.110099999999996,kgCO2eq/ha
24|PAKISTAN,pulses,rainfed,15.2776,kgCO2eq/ha
24|PAKISTAN,rice,irrigated,99.507,kgCO2eq/ha
24|PAKISTAN,rice,rainfed,49.745200000000004,kgCO2eq/ha
24|PAKISTAN,vegetables,irrigated,159.74,kgCO2eq/ha
24|PAKISTAN,vegetables,rainfed,55.6555,kgCO2eq/ha
24|PAKISTAN,wheat,irrigated,93.1911,kgCO2eq/ha
24|PAKISTAN,wheat,rainfed,48.4916,kgCO2eq/ha
