node,time,tec,value
1|AFGHAN_SOUTH,1,irrigation_sw_diversion,1.29949991034061
1|AFGHAN_SOUTH,10,irrigation_sw_diversion,0.930618800081268
1|AFGHAN_SOUTH,11,irrigation_sw_diversion,0.785297322174091
1|AFGHAN_SOUTH,12,irrigation_sw_diversion,0.70018565281425
1|AFGHAN_SOUTH,2,irrigation_sw_diversion,1.86819141746683
1|AFGHAN_SOUTH,3,irrigation_sw_diversion,2.92780373050813
1|AFGHAN_SOUTH,4,irrigation_sw_diversion,2.96970680762435
1|AFGHAN_SOUTH,5,irrigation_sw_diversion,2.48794681134398
1|AFGHAN_SOUTH,6,irrigation_sw_diversion,1.9520937437574
1|AFGHAN_SOUTH,7,irrigation_sw_diversion,2.40036745346389
1|AFGHAN_SOUTH,8,irrigation_sw_diversion,2.55372054706896
1|AFGHAN_SOUTH,9,irrigation_sw_diversion,1.88804442014991
2|AFGHAN_NORTH,1,irrigation_sw_diversion,2.97965644459636
2|AFGHAN_NORTH,10,irrigation_sw_diversion,3.99608912187006
2|AFGHAN_NORTH,11,irrigation_sw_diversion,2.44168233252696
2|AFGHAN_NORTH,12,irrigation_sw_diversion,1.9558834986228
2|AFGHAN_NORTH,2,irrigation_sw_diversion,3.85482350440044
2|AFGHAN_NORTH,3,irrigation_sw_diversion,8.18700987446909
2|AFGHAN_NORTH,4,irrigation_sw_diversion,9.62014239179004
2|AFGHAN_NORTH,5,irrigation_sw_diversion,10.3919099592129
2|AFGHAN_NORTH,6,irrigation_sw_diversion,10.469344097755
2|AFGHAN_NORTH,7,irrigation_sw_diversion,13.6931575077829
2|AFGHAN_NORTH,8,irrigation_sw_diversion,13.9316175621051
2|AFGHAN_NORTH,9,irrigation_sw_diversion,9.48619591698242
3|CHINA,11,irrigation_sw_diversion,0.0
3|CHINA,12,irrigation_sw_diversion,0.0
3|CHINA,3,irrigation_sw_diversion,0.0
3|CHINA,4,irrigation_sw_diversion,0.0
3|CHINA,5,irrigation_sw_diversion,0.0
6|INDIA_WEST,1,irrigation_sw_diversion,0.0
6|INDIA_WEST,10,irrigation_sw_diversion,0.0
6|INDIA_WEST,11,irrigation_sw_diversion,0.0
6|INDIA_WEST,12,irrigation_sw_diversion,0.0
6|INDIA_WEST,2,irrigation_sw_diversion,0.0
6|INDIA_WEST,3,irrigation_sw_diversion,0.0
6|INDIA_WEST,4,irrigation_sw_diversion,0.0
6|INDIA_WEST,5,irrigation_sw_diversion,0.0
6|INDIA_WEST,6,irrigation_sw_diversion,0.0
6|INDIA_WEST,7,irrigation_sw_diversion,0.0
6|INDIA_WEST,8,irrigation_sw_diversion,0.0
6|INDIA_WEST,9,irrigation_sw_diversion,0.0
7|INDIA_WEST,1,irrigation_sw_diversion,0.0309307996068925
7|INDIA_WEST,10,irrigation_sw_diversion,0.0910715326521899
7|INDIA_WEST,11,irrigation_sw_diversion,0.0474302027697542
7|INDIA_WEST,12,irrigation_sw_diversion,0.0253248348859186
7|INDIA_WEST,2,irrigation_sw_diversion,0.056405298573115
7|INDIA_WEST,3,irrigation_sw_diversion,0.128672984372478
7|INDIA_WEST,4,irrigation_sw_diversion,0.160478365058538
7|INDIA_WEST,5,irrigation_sw_diversion,0.126344894165833
7|INDIA_WEST,6,irrigation_sw_diversion,0.0559987096915401
7|INDIA_WEST,7,irrigation_sw_diversion,0.0163938272164726
7|INDIA_WEST,8,irrigation_sw_diversion,0.0457505943966823
7|INDIA_WEST,9,irrigation_sw_diversion,0.141194135138679
8|INDIA_WEST,1,irrigation_sw_diversion,2.18921335999916
8|INDIA_WEST,10,irrigation_sw_diversion,2.56774679676026
8|INDIA_WEST,11,irrigation_sw_diversion,1.79980803842339
8|INDIA_WEST,12,irrigation_sw_diversion,1.37489136342792
8|INDIA_WEST,2,irrigation_sw_diversion,4.26518427209612
8|INDIA_WEST,3,irrigation_sw_diversion,7.196548952761
8|INDIA_WEST,4,irrigation_sw_diversion,7.3274760920128
8|INDIA_WEST,5,irrigation_sw_diversion,5.78230627113231
8|INDIA_WEST,6,irrigation_sw_diversion,6.86696573799863
8|INDIA_WEST,7,irrigation_sw_diversion,5.95444976845253
8|INDIA_WEST,8,irrigation_sw_diversion,5.64858529528761
8|INDIA_WEST,9,irrigation_sw_diversion,5.38545579569659
9|INDIA_EAST,1,irrigation_sw_diversion,53.8289141297446
9|INDIA_EAST,10,irrigation_sw_diversion,37.3984552095438
9|INDIA_EAST,11,irrigation_sw_diversion,32.3470056259268
9|INDIA_EAST,12,irrigation_sw_diversion,27.8413595381215
9|INDIA_EAST,2,irrigation_sw_diversion,95.0263822031021
9|INDIA_EAST,3,irrigation_sw_diversion,149.272422291805
9|INDIA_EAST,4,irrigation_sw_diversion,145.152357346829
9|INDIA_EAST,5,irrigation_sw_diversion,110.725050972617
9|INDIA_EAST,6,irrigation_sw_diversion,89.4604282019991
9|INDIA_EAST,7,irrigation_sw_diversion,76.7794084381614
9|INDIA_EAST,8,irrigation_sw_diversion,72.29425162275
9|INDIA_EAST,9,irrigation_sw_diversion,64.3280541350705
10|INDIA_WEST,1,irrigation_sw_diversion,0.0
10|INDIA_WEST,10,irrigation_sw_diversion,0.0
10|INDIA_WEST,11,irrigation_sw_diversion,0.0
10|INDIA_WEST,12,irrigation_sw_diversion,0.0
10|INDIA_WEST,2,irrigation_sw_diversion,0.0
10|INDIA_WEST,3,irrigation_sw_diversion,0.0
10|INDIA_WEST,4,irrigation_sw_diversion,0.0
10|INDIA_WEST,5,irrigation_sw_diversion,0.0
10|INDIA_WEST,6,irrigation_sw_diversion,0.0
10|INDIA_WEST,7,irrigation_sw_diversion,0.0
10|INDIA_WEST,8,irrigation_sw_diversion,0.0
10|INDIA_WEST,9,irrigation_sw_diversion,0.0
11|INDIA_WEST,1,irrigation_sw_diversion,0.0
11|INDIA_WEST,10,irrigation_sw_diversion,0.0
11|INDIA_WEST,11,irrigation_sw_diversion,0.0
11|INDIA_WEST,12,irrigation_sw_diversion,0.0
11|INDIA_WEST,2,irrigation_sw_diversion,0.0
11|INDIA_WEST,3,irrigation_sw_diversion,0.0
11|INDIA_WEST,4,irrigation_sw_diversion,0.0
11|INDIA_WEST,5,irrigation_sw_diversion,0.0
11|INDIA_WEST,6,irrigation_sw_diversion,0.0
11|INDIA_WEST,7,irrigation_sw_diversion,0.0
11|INDIA_WEST,8,irrigation_sw_diversion,0.0
11|INDIA_WEST,9,irrigation_sw_diversion,0.0
12|PAKISTAN,1,irrigation_sw_diversion,3.74423477415652
12|PAKISTAN,10,irrigation_sw_diversion,3.32143104059592
12|PAKISTAN,11,irrigation_sw_diversion,2.49002891415759
12|PAKISTAN,12,irrigation_sw_diversion,1.71581300521917
12|PAKISTAN,2,irrigation_sw_diversion,6.16386121558598
12|PAKISTAN,3,irrigation_sw_diversion,10.2273711646185
12|PAKISTAN,4,irrigation_sw_diversion,10.6572560325167
12|PAKISTAN,5,irrigation_sw_diversion,10.112624329234
12|PAKISTAN,6,irrigation_sw_diversion,9.83697787632595
12|PAKISTAN,7,irrigation_sw_diversion,10.1426078945465
12|PAKISTAN,8,irrigation_sw_diversion,9.01512223130423
12|PAKISTAN,9,irrigation_sw_diversion,6.68709821173886
21|PAKISTAN,1,irrigation_sw_diversion,33.2768723049013
21|PAKISTAN,10,irrigation_sw_diversion,25.0634141930941
21|PAKISTAN,11,irrigation_sw_diversion,19.5353411716845
21|PAKISTAN,12,irrigation_sw_diversion,15.1381099082345
21|PAKISTAN,2,irrigation_sw_diversion,60.25276244318
21|PAKISTAN,3,irrigation_sw_diversion,76.1513675403913
21|PAKISTAN,4,irrigation_sw_diversion,67.4169551612302
21|PAKISTAN,5,irrigation_sw_diversion,58.7811622986179
21|PAKISTAN,6,irrigation_sw_diversion,66.1853451490584
21|PAKISTAN,7,irrigation_sw_diversion,81.2049353333686
21|PAKISTAN,8,irrigation_sw_diversion,78.4742499848611
21|PAKISTAN,9,irrigation_sw_diversion,53.8674529856314
22|PAKISTAN,1,irrigation_sw_diversion,0.0
22|PAKISTAN,10,irrigation_sw_diversion,0.0
22|PAKISTAN,11,irrigation_sw_diversion,0.0
22|PAKISTAN,12,irrigation_sw_diversion,0.0
22|PAKISTAN,2,irrigation_sw_diversion,0.0
22|PAKISTAN,3,irrigation_sw_diversion,0.0
22|PAKISTAN,4,irrigation_sw_diversion,0.0
22|PAKISTAN,5,irrigation_sw_diversion,0.0
22|PAKISTAN,6,irrigation_sw_diversion,0.0
22|PAKISTAN,7,irrigation_sw_diversion,0.0
22|PAKISTAN,8,irrigation_sw_diversion,0.0
22|PAKISTAN,9,irrigation_sw_diversion,0.0
23|PAKISTAN,1,irrigation_sw_diversion,11.5654402788379
23|PAKISTAN,10,irrigation_sw_diversion,11.9335222013237
23|PAKISTAN,11,irrigation_sw_diversion,8.32355804749278
23|PAKISTAN,12,irrigation_sw_diversion,5.68945215306821
23|PAKISTAN,2,irrigation_sw_diversion,17.7271817043414
23|PAKISTAN,3,irrigation_sw_diversion,24.9664294442582
23|PAKISTAN,4,irrigation_sw_diversion,24.3742130335129
23|PAKISTAN,5,irrigation_sw_diversion,24.5987934546058
23|PAKISTAN,6,irrigation_sw_diversion,27.6643958495634
23|PAKISTAN,7,irrigation_sw_diversion,31.7511178184928
23|PAKISTAN,8,irrigation_sw_diversion,29.9033034856929
23|PAKISTAN,9,irrigation_sw_diversion,21.7501202461883
13|PAKISTAN,1,irrigation_sw_diversion,5.87109671150224
13|PAKISTAN,10,irrigation_sw_diversion,6.26080927505716
13|PAKISTAN,11,irrigation_sw_diversion,3.85235316127082
13|PAKISTAN,12,irrigation_sw_diversion,2.74842476749092
13|PAKISTAN,2,irrigation_sw_diversion,10.2194397298752
13|PAKISTAN,3,irrigation_sw_diversion,15.7976910490817
13|PAKISTAN,4,irrigation_sw_diversion,15.9395110933489
13|PAKISTAN,5,irrigation_sw_diversion,14.9374361746897
13|PAKISTAN,6,irrigation_sw_diversion,18.4724411756714
13|PAKISTAN,7,irrigation_sw_diversion,19.3953501078278
13|PAKISTAN,8,irrigation_sw_diversion,17.5858356302479
13|PAKISTAN,9,irrigation_sw_diversion,13.1035420328195
14|PAKISTAN,1,irrigation_sw_diversion,13.2579869885724
14|PAKISTAN,10,irrigation_sw_diversion,12.9272300830818
14|PAKISTAN,11,irrigation_sw_diversion,8.04365638006539
14|PAKISTAN,12,irrigation_sw_diversion,5.90012821536352
14|PAKISTAN,2,irrigation_sw_diversion,22.7416345252264
14|PAKISTAN,3,irrigation_sw_diversion,30.9199928764707
14|PAKISTAN,4,irrigation_sw_diversion,28.4918542229294
14|PAKISTAN,5,irrigation_sw_diversion,25.1291067211032
14|PAKISTAN,6,irrigation_sw_diversion,30.5431550426628
14|PAKISTAN,7,irrigation_sw_diversion,38.3523294753888
14|PAKISTAN,8,irrigation_sw_diversion,38.6382532073616
14|PAKISTAN,9,irrigation_sw_diversion,26.8547807432664
15|PAKISTAN,1,irrigation_sw_diversion,44.2105337834936
15|PAKISTAN,10,irrigation_sw_diversion,30.1719852326055
15|PAKISTAN,11,irrigation_sw_diversion,23.6200626118168
15|PAKISTAN,12,irrigation_sw_diversion,22.8311251956442
15|PAKISTAN,2,irrigation_sw_diversion,62.8942356189574
15|PAKISTAN,3,irrigation_sw_diversion,81.1728512716793
15|PAKISTAN,4,irrigation_sw_diversion,74.8940328591805
15|PAKISTAN,5,irrigation_sw_diversion,61.4621275810006
15|PAKISTAN,6,irrigation_sw_diversion,73.8847929343536
15|PAKISTAN,7,irrigation_sw_diversion,92.7824709099226
15|PAKISTAN,8,irrigation_sw_diversion,88.842606414192
15|PAKISTAN,9,irrigation_sw_diversion,62.7608981585905
16|PAKISTAN,1,irrigation_sw_diversion,23.2892800118401
16|PAKISTAN,10,irrigation_sw_diversion,17.7387691279372
16|PAKISTAN,11,irrigation_sw_diversion,14.3713561312484
16|PAKISTAN,12,irrigation_sw_diversion,11.9152541690582
16|PAKISTAN,2,irrigation_sw_diversion,38.1211481278056
16|PAKISTAN,3,irrigation_sw_diversion,45.6827759391937
16|PAKISTAN,4,irrigation_sw_diversion,43.9478668264793
16|PAKISTAN,5,irrigation_sw_diversion,39.0345467031209
16|PAKISTAN,6,irrigation_sw_diversion,40.5826965401438
16|PAKISTAN,7,irrigation_sw_diversion,44.4986885267872
16|PAKISTAN,8,irrigation_sw_diversion,43.0210501561101
16|PAKISTAN,9,irrigation_sw_diversion,33.1588110674209
17|PAKISTAN,1,irrigation_sw_diversion,17.479482546312
17|PAKISTAN,10,irrigation_sw_diversion,24.841768129608
17|PAKISTAN,11,irrigation_sw_diversion,18.3502104177941
17|PAKISTAN,12,irrigation_sw_diversion,12.3538656626707
17|PAKISTAN,2,irrigation_sw_diversion,30.2934111071958
17|PAKISTAN,3,irrigation_sw_diversion,36.6713059495587
17|PAKISTAN,4,irrigation_sw_diversion,45.9028043642507
17|PAKISTAN,5,irrigation_sw_diversion,48.1052574224764
17|PAKISTAN,6,irrigation_sw_diversion,57.0232367628068
17|PAKISTAN,7,irrigation_sw_diversion,60.3110158030999
17|PAKISTAN,8,irrigation_sw_diversion,54.5626276469316
17|PAKISTAN,9,irrigation_sw_diversion,40.9746721464563
18|PAKISTAN,1,irrigation_sw_diversion,0.575659791433609
18|PAKISTAN,10,irrigation_sw_diversion,1.519317853019
18|PAKISTAN,11,irrigation_sw_diversion,0.742462427582961
18|PAKISTAN,12,irrigation_sw_diversion,0.342791695960616
18|PAKISTAN,2,irrigation_sw_diversion,0.703757739276275
18|PAKISTAN,3,irrigation_sw_diversion,1.26105999126386
18|PAKISTAN,4,irrigation_sw_diversion,1.6649339027429
18|PAKISTAN,5,irrigation_sw_diversion,2.3299643340289
18|PAKISTAN,6,irrigation_sw_diversion,2.7867984850612
18|PAKISTAN,7,irrigation_sw_diversion,3.06653659448692
18|PAKISTAN,8,irrigation_sw_diversion,3.09810350917329
18|PAKISTAN,9,irrigation_sw_diversion,2.62064576698087
19|PAKISTAN,1,irrigation_sw_diversion,0.0501723418224142
19|PAKISTAN,10,irrigation_sw_diversion,0.217099894530849
19|PAKISTAN,11,irrigation_sw_diversion,0.110397779180567
19|PAKISTAN,12,irrigation_sw_diversion,0.0477270822105083
19|PAKISTAN,2,irrigation_sw_diversion,0.0596003458491264
19|PAKISTAN,3,irrigation_sw_diversion,0.135936260950631
19|PAKISTAN,4,irrigation_sw_diversion,0.2817431124439
19|PAKISTAN,5,irrigation_sw_diversion,0.397701906724437
19|PAKISTAN,6,irrigation_sw_diversion,0.51751607950963
19|PAKISTAN,7,irrigation_sw_diversion,0.462417137417892
19|PAKISTAN,8,irrigation_sw_diversion,0.448587575372654
19|PAKISTAN,9,irrigation_sw_diversion,0.383578510646696
20|PAKISTAN,1,irrigation_sw_diversion,8.00295811689336
20|PAKISTAN,10,irrigation_sw_diversion,13.5128851495578
20|PAKISTAN,11,irrigation_sw_diversion,6.66181706798469
20|PAKISTAN,12,irrigation_sw_diversion,3.73780591226963
20|PAKISTAN,2,irrigation_sw_diversion,14.2180885146741
20|PAKISTAN,3,irrigation_sw_diversion,21.6213629847997
20|PAKISTAN,4,irrigation_sw_diversion,21.3150659640292
20|PAKISTAN,5,irrigation_sw_diversion,22.3335756901743
20|PAKISTAN,6,irrigation_sw_diversion,37.1670831695239
20|PAKISTAN,7,irrigation_sw_diversion,42.2846879409262
20|PAKISTAN,8,irrigation_sw_diversion,39.8299142506422
20|PAKISTAN,9,irrigation_sw_diversion,28.8995210473224
1|AFGHAN_SOUTH,1,irrigation_gw_diversion,0.659186351458437
1|AFGHAN_SOUTH,10,irrigation_gw_diversion,0.472067144093459
1|AFGHAN_SOUTH,11,irrigation_gw_diversion,0.39835114454016
1|AFGHAN_SOUTH,12,irrigation_gw_diversion,0.355177266384875
1|AFGHAN_SOUTH,2,irrigation_gw_diversion,0.947661692399145
1|AFGHAN_SOUTH,3,irrigation_gw_diversion,1.48516228707872
1|AFGHAN_SOUTH,4,irrigation_gw_diversion,1.50641810733643
1|AFGHAN_SOUTH,5,irrigation_gw_diversion,1.26203978018176
1|AFGHAN_SOUTH,6,irrigation_gw_diversion,0.990222117302798
1|AFGHAN_SOUTH,7,irrigation_gw_diversion,1.21761413849863
1|AFGHAN_SOUTH,8,irrigation_gw_diversion,1.29540426795843
1|AFGHAN_SOUTH,9,irrigation_gw_diversion,0.957732357506558
2|AFGHAN_NORTH,1,irrigation_gw_diversion,0.653879929366088
2|AFGHAN_NORTH,10,irrigation_gw_diversion,0.876934143695533
2|AFGHAN_NORTH,11,irrigation_gw_diversion,0.535822535521686
2|AFGHAN_NORTH,12,irrigation_gw_diversion,0.429214907056515
2|AFGHAN_NORTH,2,irrigation_gw_diversion,0.845933673107588
2|AFGHAN_NORTH,3,irrigation_gw_diversion,1.79662371752475
2|AFGHAN_NORTH,4,irrigation_gw_diversion,2.11112191777784
2|AFGHAN_NORTH,5,irrigation_gw_diversion,2.2804848399324
2|AFGHAN_NORTH,6,irrigation_gw_diversion,2.29747761409341
2|AFGHAN_NORTH,7,irrigation_gw_diversion,3.00493732430978
2|AFGHAN_NORTH,8,irrigation_gw_diversion,3.05726692887195
2|AFGHAN_NORTH,9,irrigation_gw_diversion,2.08172761910127
3|CHINA,11,irrigation_gw_diversion,0.0
3|CHINA,12,irrigation_gw_diversion,0.0
3|CHINA,3,irrigation_gw_diversion,0.0
3|CHINA,4,irrigation_gw_diversion,0.0
3|CHINA,5,irrigation_gw_diversion,0.0
6|INDIA_WEST,1,irrigation_gw_diversion,0.0
6|INDIA_WEST,10,irrigation_gw_diversion,0.0
6|INDIA_WEST,11,irrigation_gw_diversion,0.0
6|INDIA_WEST,12,irrigation_gw_diversion,0.0
6|INDIA_WEST,2,irrigation_gw_diversion,0.0
6|INDIA_WEST,3,irrigation_gw_diversion,0.0
6|INDIA_WEST,4,irrigation_gw_diversion,0.0
6|INDIA_WEST,5,irrigation_gw_diversion,0.0
6|INDIA_WEST,6,irrigation_gw_diversion,0.0
6|INDIA_WEST,7,irrigation_gw_diversion,0.0
6|INDIA_WEST,8,irrigation_gw_diversion,0.0
6|INDIA_WEST,9,irrigation_gw_diversion,0.0
7|INDIA_WEST,1,irrigation_gw_diversion,0.0135578658676307
7|INDIA_WEST,10,irrigation_gw_diversion,0.0399192920891317
7|INDIA_WEST,11,irrigation_gw_diversion,0.0207900324401429
7|INDIA_WEST,12,irrigation_gw_diversion,0.0111006090649745
7|INDIA_WEST,2,irrigation_gw_diversion,0.0247240770363901
7|INDIA_WEST,3,irrigation_gw_diversion,0.0564010980990306
7|INDIA_WEST,4,irrigation_gw_diversion,0.0703423181997373
7|INDIA_WEST,5,irrigation_gw_diversion,0.0553806286914952
7|INDIA_WEST,6,irrigation_gw_diversion,0.0245458573463168
7|INDIA_WEST,7,irrigation_gw_diversion,0.0071858895755323
7|INDIA_WEST,8,irrigation_gw_diversion,0.0200538114137979
7|INDIA_WEST,9,irrigation_gw_diversion,0.0618894813530706
8|INDIA_WEST,1,irrigation_gw_diversion,2.39402930800508
8|INDIA_WEST,10,irrigation_gw_diversion,2.80797714800288
8|INDIA_WEST,11,irrigation_gw_diversion,1.96819244368689
8|INDIA_WEST,12,irrigation_gw_diversion,1.50352189490145
8|INDIA_WEST,2,irrigation_gw_diversion,4.66422155921996
8|INDIA_WEST,3,irrigation_gw_diversion,7.86983554193628
8|INDIA_WEST,4,irrigation_gw_diversion,8.0130118144318
8|INDIA_WEST,5,irrigation_gw_diversion,6.3232807427037
8|INDIA_WEST,6,irrigation_gw_diversion,7.50941755345481
8|INDIA_WEST,7,irrigation_gw_diversion,6.51152944668898
8|INDIA_WEST,8,irrigation_gw_diversion,6.17704925101054
8|INDIA_WEST,9,irrigation_gw_diversion,5.88930217923959
9|INDIA_EAST,1,irrigation_gw_diversion,53.5580522664231
9|INDIA_EAST,10,irrigation_gw_diversion,37.2102698183433
9|INDIA_EAST,11,irrigation_gw_diversion,32.1842386379918
9|INDIA_EAST,12,irrigation_gw_diversion,27.7012645233173
9|INDIA_EAST,2,irrigation_gw_diversion,94.5482186851424
9|INDIA_EAST,3,irrigation_gw_diversion,148.521297973246
9|INDIA_EAST,4,irrigation_gw_diversion,144.421964794572
9|INDIA_EAST,5,irrigation_gw_diversion,110.167893279439
9|INDIA_EAST,6,irrigation_gw_diversion,89.01027202352
9|INDIA_EAST,7,irrigation_gw_diversion,76.3930619184424
9|INDIA_EAST,8,irrigation_gw_diversion,71.9304739761348
9|INDIA_EAST,9,irrigation_gw_diversion,64.0043616198384
10|INDIA_WEST,1,irrigation_gw_diversion,0.0
10|INDIA_WEST,10,irrigation_gw_diversion,0.0
10|INDIA_WEST,11,irrigation_gw_diversion,0.0
10|INDIA_WEST,12,irrigation_gw_diversion,0.0
10|INDIA_WEST,2,irrigation_gw_diversion,0.0
10|INDIA_WEST,3,irrigation_gw_diversion,0.0
10|INDIA_WEST,4,irrigation_gw_diversion,0.0
10|INDIA_WEST,5,irrigation_gw_diversion,0.0
10|INDIA_WEST,6,irrigation_gw_diversion,0.0
10|INDIA_WEST,7,irrigation_gw_diversion,0.0
10|INDIA_WEST,8,irrigation_gw_diversion,0.0
10|INDIA_WEST,9,irrigation_gw_diversion,0.0
11|INDIA_WEST,1,irrigation_gw_diversion,0.0
11|INDIA_WEST,10,irrigation_gw_diversion,0.0
11|INDIA_WEST,11,irrigation_gw_diversion,0.0
11|INDIA_WEST,12,irrigation_gw_diversion,0.0
11|INDIA_WEST,2,irrigation_gw_diversion,0.0
11|INDIA_WEST,3,irrigation_gw_diversion,0.0
11|INDIA_WEST,4,irrigation_gw_diversion,0.0
11|INDIA_WEST,5,irrigation_gw_diversion,0.0
11|INDIA_WEST,6,irrigation_gw_diversion,0.0
11|INDIA_WEST,7,irrigation_gw_diversion,0.0
11|INDIA_WEST,8,irrigation_gw_diversion,0.0
11|INDIA_WEST,9,irrigation_gw_diversion,0.0
12|PAKISTAN,1,irrigation_gw_diversion,1.29990949383906
12|PAKISTAN,10,irrigation_gw_diversion,1.15312206718528
12|PAKISTAN,11,irrigation_gw_diversion,0.864478971187483
12|PAKISTAN,12,irrigation_gw_diversion,0.595689573349307
12|PAKISTAN,2,irrigation_gw_diversion,2.13994639656419
12|PAKISTAN,3,irrigation_gw_diversion,3.55070065735887
12|PAKISTAN,4,irrigation_gw_diversion,3.69994648587785
12|PAKISTAN,5,irrigation_gw_diversion,3.51086327810747
12|PAKISTAN,6,irrigation_gw_diversion,3.41516536847013
12|PAKISTAN,7,irrigation_gw_diversion,3.52127286072176
12|PAKISTAN,8,irrigation_gw_diversion,3.12983658436106
12|PAKISTAN,9,irrigation_gw_diversion,2.32160186953869
21|PAKISTAN,1,irrigation_gw_diversion,18.1468069220499
21|PAKISTAN,10,irrigation_gw_diversion,13.6677790509312
21|PAKISTAN,11,irrigation_gw_diversion,10.6531665942269
21|PAKISTAN,12,irrigation_gw_diversion,8.25523369962387
21|PAKISTAN,2,irrigation_gw_diversion,32.8575124656617
21|PAKISTAN,3,irrigation_gw_diversion,41.5274654103234
21|PAKISTAN,4,irrigation_gw_diversion,36.7643466421316
21|PAKISTAN,5,irrigation_gw_diversion,32.0550078478855
21|PAKISTAN,6,irrigation_gw_diversion,36.092715339485
21|PAKISTAN,7,irrigation_gw_diversion,44.2833169268477
21|PAKISTAN,8,irrigation_gw_diversion,42.7941980177687
21|PAKISTAN,9,irrigation_gw_diversion,29.3754250626756
22|PAKISTAN,1,irrigation_gw_diversion,0.0
22|PAKISTAN,10,irrigation_gw_diversion,0.0
22|PAKISTAN,11,irrigation_gw_diversion,0.0
22|PAKISTAN,12,irrigation_gw_diversion,0.0
22|PAKISTAN,2,irrigation_gw_diversion,0.0
22|PAKISTAN,3,irrigation_gw_diversion,0.0
22|PAKISTAN,4,irrigation_gw_diversion,0.0
22|PAKISTAN,5,irrigation_gw_diversion,0.0
22|PAKISTAN,6,irrigation_gw_diversion,0.0
22|PAKISTAN,7,irrigation_gw_diversion,0.0
22|PAKISTAN,8,irrigation_gw_diversion,0.0
22|PAKISTAN,9,irrigation_gw_diversion,0.0
23|PAKISTAN,1,irrigation_gw_diversion,0.323349953695743
23|PAKISTAN,10,irrigation_gw_diversion,0.333640895477681
23|PAKISTAN,11,irrigation_gw_diversion,0.232712464407023
23|PAKISTAN,12,irrigation_gw_diversion,0.159067363273229
23|PAKISTAN,2,irrigation_gw_diversion,0.49562171824476
23|PAKISTAN,3,irrigation_gw_diversion,0.698018718709777
23|PAKISTAN,4,irrigation_gw_diversion,0.681461359510687
23|PAKISTAN,5,irrigation_gw_diversion,0.687740244448102
23|PAKISTAN,6,irrigation_gw_diversion,0.773449250638976
23|PAKISTAN,7,irrigation_gw_diversion,0.887707015804961
23|PAKISTAN,8,irrigation_gw_diversion,0.836045283562701
23|PAKISTAN,9,irrigation_gw_diversion,0.60809620774666
13|PAKISTAN,1,irrigation_gw_diversion,4.30558729134573
13|PAKISTAN,10,irrigation_gw_diversion,4.5913842290171
13|PAKISTAN,11,irrigation_gw_diversion,2.82513534148532
13|PAKISTAN,12,irrigation_gw_diversion,2.01556597201767
13|PAKISTAN,2,irrigation_gw_diversion,7.49445835893338
13|PAKISTAN,3,irrigation_gw_diversion,11.5852865581784
13|PAKISTAN,4,irrigation_gw_diversion,11.6892907349549
13|PAKISTAN,5,irrigation_gw_diversion,10.954415932722
13|PAKISTAN,6,irrigation_gw_diversion,13.5468229999147
13|PAKISTAN,7,irrigation_gw_diversion,14.2236411762492
13|PAKISTAN,8,irrigation_gw_diversion,12.896628026745
13|PAKISTAN,9,irrigation_gw_diversion,9.60952387951493
14|PAKISTAN,1,irrigation_gw_diversion,3.58607488991816
14|PAKISTAN,10,irrigation_gw_diversion,3.49661040074125
14|PAKISTAN,11,irrigation_gw_diversion,2.17568128499035
14|PAKISTAN,12,irrigation_gw_diversion,1.59589096434097
14|PAKISTAN,2,irrigation_gw_diversion,6.15125090987829
14|PAKISTAN,3,irrigation_gw_diversion,8.36336693846006
14|PAKISTAN,4,irrigation_gw_diversion,7.70659400134606
14|PAKISTAN,5,irrigation_gw_diversion,6.797024216142
14|PAKISTAN,6,irrigation_gw_diversion,8.26143829012496
14|PAKISTAN,7,irrigation_gw_diversion,10.3736959328823
14|PAKISTAN,8,irrigation_gw_diversion,10.4510337607549
14|PAKISTAN,9,irrigation_gw_diversion,7.26379162844959
15|PAKISTAN,1,irrigation_gw_diversion,5.63475069960194
15|PAKISTAN,10,irrigation_gw_diversion,3.84550016361211
15|PAKISTAN,11,irrigation_gw_diversion,3.01044011317203
15|PAKISTAN,12,irrigation_gw_diversion,2.9098879307557
15|PAKISTAN,2,irrigation_gw_diversion,8.01603843758985
15|PAKISTAN,3,irrigation_gw_diversion,10.3456968588456
15|PAKISTAN,4,irrigation_gw_diversion,9.54544466972345
15|PAKISTAN,5,irrigation_gw_diversion,7.83351244031732
15|PAKISTAN,6,irrigation_gw_diversion,9.41681434373975
15|PAKISTAN,7,irrigation_gw_diversion,11.8253739127139
15|PAKISTAN,8,irrigation_gw_diversion,11.3232276519976
15|PAKISTAN,9,irrigation_gw_diversion,7.99904422187273
16|PAKISTAN,1,irrigation_gw_diversion,7.93232964945687
16|PAKISTAN,10,irrigation_gw_diversion,6.04182543328391
16|PAKISTAN,11,irrigation_gw_diversion,4.89488443974437
16|PAKISTAN,12,irrigation_gw_diversion,4.0583360188887
16|PAKISTAN,2,irrigation_gw_diversion,12.9840644885457
16|PAKISTAN,3,irrigation_gw_diversion,15.559555205989
16|PAKISTAN,4,irrigation_gw_diversion,14.9686450968357
16|PAKISTAN,5,irrigation_gw_diversion,13.2951680777104
16|PAKISTAN,6,irrigation_gw_diversion,13.8224679705269
16|PAKISTAN,7,irrigation_gw_diversion,15.1562549887128
16|PAKISTAN,8,irrigation_gw_diversion,14.6529713039901
16|PAKISTAN,9,irrigation_gw_diversion,11.2938922988225
17|PAKISTAN,1,irrigation_gw_diversion,5.35683045588655
17|PAKISTAN,10,irrigation_gw_diversion,7.61310523593462
17|PAKISTAN,11,irrigation_gw_diversion,5.62367711844571
17|PAKISTAN,12,irrigation_gw_diversion,3.78601389682947
17|PAKISTAN,2,irrigation_gw_diversion,9.28383702445222
17|PAKISTAN,3,irrigation_gw_diversion,11.2384315752629
17|PAKISTAN,4,irrigation_gw_diversion,14.0675526164761
17|PAKISTAN,5,irrigation_gw_diversion,14.742524978427
17|PAKISTAN,6,irrigation_gw_diversion,17.4755637402254
17|PAKISTAN,7,irrigation_gw_diversion,18.4831493394331
17|PAKISTAN,8,irrigation_gw_diversion,16.7214758650821
17|PAKISTAN,9,irrigation_gw_diversion,12.5572579790363
18|PAKISTAN,1,irrigation_gw_diversion,0.638568671335538
18|PAKISTAN,10,irrigation_gw_diversion,1.6853509610643
18|PAKISTAN,11,irrigation_gw_diversion,0.823599724965139
18|PAKISTAN,12,irrigation_gw_diversion,0.380252435712581
18|PAKISTAN,2,irrigation_gw_diversion,0.780665336018318
18|PAKISTAN,3,irrigation_gw_diversion,1.39887033119047
18|PAKISTAN,4,irrigation_gw_diversion,1.84688012947425
18|PAKISTAN,5,irrigation_gw_diversion,2.58458598495257
18|PAKISTAN,6,irrigation_gw_diversion,3.09134358933363
18|PAKISTAN,7,irrigation_gw_diversion,3.40165185736992
18|PAKISTAN,8,irrigation_gw_diversion,3.43666844714986
18|PAKISTAN,9,irrigation_gw_diversion,2.90703347769788
19|PAKISTAN,1,irrigation_gw_diversion,0.151710430550135
19|PAKISTAN,10,irrigation_gw_diversion,0.656463646609174
19|PAKISTAN,11,irrigation_gw_diversion,0.333819271792099
19|PAKISTAN,12,irrigation_gw_diversion,0.144316488488547
19|PAKISTAN,2,irrigation_gw_diversion,0.180218698216484
19|PAKISTAN,3,irrigation_gw_diversion,0.411042178361757
19|PAKISTAN,4,irrigation_gw_diversion,0.851930911351319
19|PAKISTAN,5,irrigation_gw_diversion,1.20256550338696
19|PAKISTAN,6,irrigation_gw_diversion,1.56485793541231
19|PAKISTAN,7,irrigation_gw_diversion,1.39825051937457
19|PAKISTAN,8,irrigation_gw_diversion,1.35643288168828
19|PAKISTAN,9,irrigation_gw_diversion,1.15985937443312
20|PAKISTAN,1,irrigation_gw_diversion,8.47021845734512
20|PAKISTAN,10,irrigation_gw_diversion,14.3018478335108
20|PAKISTAN,11,irrigation_gw_diversion,7.05077360952189
20|PAKISTAN,12,irrigation_gw_diversion,3.9560412744444
20|PAKISTAN,2,irrigation_gw_diversion,15.0482251695088
20|PAKISTAN,3,irrigation_gw_diversion,22.883746878573
20|PAKISTAN,4,irrigation_gw_diversion,22.5595664141915
20|PAKISTAN,5,irrigation_gw_diversion,23.6375428018436
20|PAKISTAN,6,irrigation_gw_diversion,39.3371187590807
20|PAKISTAN,7,irrigation_gw_diversion,44.7535197646823
20|PAKISTAN,8,irrigation_gw_diversion,42.1554217718716
20|PAKISTAN,9,irrigation_gw_diversion,30.5868471392783
