from_basin,to_basin,link_type,name,distance_km,existing_capacity,capacity_unit,bidirectional,source
1|AFGHAN_SOUTH,23|PAKISTAN,river,real DOWN routing: AFG_1->PAK_12,140.7,,MCM/year,false,"Indus_bcu.dbf DOWN field, via inferred PID crosswalk"
2|AFGHAN_NORTH,18|PAKISTAN,river,real DOWN routing: AFG_2->PAK_7,210.8,,MCM/year,false,"Indus_bcu.dbf DOWN field, via inferred PID crosswalk"
3|CHINA,9|INDIA_EAST,river,real DOWN routing: CHN_1->IND_4,341.0,,MCM/year,false,"Indus_bcu.dbf DOWN field, via inferred PID crosswalk"
4|CHINA,10|INDIA_WEST,river,real DOWN routing: CHN_2->IND_5,188.6,,MCM/year,false,"Indus_bcu.dbf DOWN field, via inferred PID crosswalk"
5|CHINA,11|INDIA_WEST,river,real DOWN routing: CHN_3->IND_6,355.7,,MCM/year,false,"Indus_bcu.dbf DOWN field, via inferred PID crosswalk"
6|INDIA_WEST,12|PAKISTAN,river,real DOWN routing: IND_1->PAK_1,158.7,,MCM/year,false,"Indus_bcu.dbf DOWN field, via inferred PID crosswalk"
7|INDIA_WEST,13|PAKISTAN,river,real DOWN routing: IND_2->PAK_2,250.3,,MCM/year,false,"Indus_bcu.dbf DOWN field, via inferred PID crosswalk"
8|INDIA_WEST,20|PAKISTAN,river,real DOWN routing: IND_3->PAK_9,201.2,,MCM/year,false,"Indus_bcu.dbf DOWN field, via inferred PID crosswalk"
9|INDIA_EAST,21|PAKISTAN,river,real DOWN routing: IND_4->PAK_10,405.2,,MCM/year,false,"Indus_bcu.dbf DOWN field, via inferred PID crosswalk"
10|INDIA_WEST,24|PAKISTAN,river,real DOWN routing: IND_5->PAK_13,141.9,,MCM/year,false,"Indus_bcu.dbf DOWN field, via inferred PID crosswalk"
11|INDIA_WEST,22|PAKISTAN,river,real DOWN routing: IND_6->PAK_11,208.2,,MCM/year,false,"Indus_bcu.dbf DOWN field, via inferred PID crosswalk"
12|PAKISTAN,14|PAKISTAN,river,real DOWN routing: PAK_1->PAK_3,292.6,,MCM/year,false,"Indus_bcu.dbf DOWN field, via inferred PID crosswalk"
21|PAKISTAN,16|PAKISTAN,river,real DOWN routing: PAK_10->PAK_5,344.6,,MCM/year,false,"Indus_bcu.dbf DOWN field, via inferred PID crosswalk"
22|PAKISTAN,19|PAKISTAN,river,real DOWN routing: PAK_11->PAK_8,173.4,,MCM/year,false,"Indus_bcu.dbf DOWN field, via inferred PID crosswalk"
23|PAKISTAN,16|PAKISTAN,river,real DOWN routing: PAK_12->PAK_5,380.0,,MCM/year,false,"Indus_bcu.dbf DOWN field, via inferred PID crosswalk"
24|PAKISTAN,19|PAKISTAN,river,real DOWN routing: PAK_13->PAK_8,240.9,,MCM/year,false,"Indus_bcu.dbf DOWN field, via inferred PID crosswalk"
13|PAKISTAN,14|PAKISTAN,river,real DOWN routing: PAK_2->PAK_3,207.3,,MCM/year,false,"Indus_bcu.dbf DOWN field, via inferred PID crosswalk"
14|PAKISTAN,21|PAKISTAN,river,real DOWN routing: PAK_3->PAK_10,143.8,,MCM/year,false,"Indus_bcu.dbf DOWN field, via inferred PID crosswalk"
16|PAKISTAN,15|PAKISTAN,river,real DOWN routing: PAK_5->PAK_4,375.7,,MCM/year,false,"Indus_bcu.dbf DOWN field, via inferred PID crosswalk"
17|PAKISTAN,15|PAKISTAN,river,real DOWN routing: PAK_6->PAK_4,345.7,,MCM/year,false,"Indus_bcu.dbf DOWN field, via inferred PID crosswalk"
18|PAKISTAN,23|PAKISTAN,river,real DOWN routing: PAK_7->PAK_12,380.6,,MCM/year,false,"Indus_bcu.dbf DOWN field, via inferred PID crosswalk"
19|PAKISTAN,23|PAKISTAN,river,real DOWN routing: PAK_8->PAK_12,528.3,,MCM/year,false,"Indus_bcu.dbf DOWN field, via inferred PID crosswalk"
20|PAKISTAN,14|PAKISTAN,river,real DOWN routing: PAK_9->PAK_3,205.9,,MCM/year,false,"Indus_bcu.dbf DOWN field, via inferred PID crosswalk"
12|PAKISTAN,13|PAKISTAN,canal_conv,real canal: Rasul-Qadirabad,44.0,16966.4,MCM/year,false,"indus_bcu_canals.csv, via inferred PID crosswalk"
13|PAKISTAN,20|PAKISTAN,canal_conv,real canal: Qadirabad-Bulloki,129.0,16619.5,MCM/year,false,"indus_bcu_canals.csv, via inferred PID crosswalk"
20|PAKISTAN,21|PAKISTAN,canal_conv,real canal: Balloki-Sulemanki,87.0,16524.9,MCM/year,false,"indus_bcu_canals.csv, via inferred PID crosswalk"
14|PAKISTAN,20|PAKISTAN,canal_conv,real canal: Trimmu-Sidhnai,64.0,9839.2,MCM/year,false,"indus_bcu_canals.csv, via inferred PID crosswalk"
20|PAKISTAN,21|PAKISTAN,canal_conv,real canal: Sidhnai-Mailsi,94.0,8924.7,MCM/year,false,"indus_bcu_canals.csv, via inferred PID crosswalk"
23|PAKISTAN,12|PAKISTAN,canal_conv,real canal: Chashma-Jhelum,135.0,19394.6,MCM/year,false,"indus_bcu_canals.csv, via inferred PID crosswalk"
23|PAKISTAN,14|PAKISTAN,canal_conv,real canal: Taunsa-Panjnad,72.0,10722.2,MCM/year,false,"indus_bcu_canals.csv, via inferred PID crosswalk"
13|PAKISTAN,20|PAKISTAN,canal_conv,real canal: Marala-Ravi,97.0,19615.4,MCM/year,false,"indus_bcu_canals.csv, via inferred PID crosswalk"
20|PAKISTAN,21|PAKISTAN,canal_conv,real canal: Ravi-Bedian,82.0,4478.1,MCM/year,false,"indus_bcu_canals.csv, via inferred PID crosswalk"
13|PAKISTAN,20|PAKISTAN,canal_conv,real canal: Chenab-Bambanwala,28.0,14285.8,MCM/year,false,"indus_bcu_canals.csv, via inferred PID crosswalk"
1|AFGHAN_SOUTH,2|AFGHAN_NORTH,transmission,real transmission route: AFG_1|AFG_2,224.0,,MW,true,"basin_transmission/existing_routes.csv, via inferred PID crosswalk"
1|AFGHAN_SOUTH,23|PAKISTAN,transmission,real transmission route: AFG_1|PAK_12,140.7,,MW,true,"basin_transmission/existing_routes.csv, via inferred PID crosswalk"
2|AFGHAN_NORTH,23|PAKISTAN,transmission,real transmission route: AFG_2|PAK_12,303.4,,MW,true,"basin_transmission/existing_routes.csv, via inferred PID crosswalk"
2|AFGHAN_NORTH,18|PAKISTAN,transmission,real transmission route: AFG_2|PAK_7,210.8,,MW,true,"basin_transmission/existing_routes.csv, via inferred PID crosswalk"
3|CHINA,5|CHINA,transmission,real transmission route: CHN_1|CHN_3,90.4,,MW,true,"basin_transmission/existing_routes.csv, via inferred PID crosswalk"
3|CHINA,9|INDIA_EAST,transmission,real transmission route: CHN_1|IND_4,341.0,,MW,true,"basin_transmission/existing_routes.csv, via inferred PID crosswalk"
3|CHINA,11|INDIA_WEST,transmission,real transmission route: CHN_1|IND_6,361.9,,MW,true,"basin_transmission/existing_routes.csv, via inferred PID crosswalk"
4|CHINA,5|CHINA,transmission,real transmission route: CHN_2|CHN_3,211.2,,MW,true,"basin_transmission/existing_routes.csv, via inferred PID crosswalk"
4|CHINA,10|INDIA_WEST,transmission,real transmission route: CHN_2|IND_5,188.6,,MW,true,"basin_transmission/existing_routes.csv, via inferred PID crosswalk"
4|CHINA,11|INDIA_WEST,transmission,real transmission route: CHN_2|IND_6,218.7,,MW,true,"basin_transmission/existing_routes.csv, via inferred PID crosswalk"
5|CHINA,11|INDIA_WEST,transmission,real transmission route: CHN_3|IND_6,355.7,,MW,true,"basin_transmission/existing_routes.csv, via inferred PID crosswalk"
6|INDIA_WEST,11|INDIA_WEST,transmission,real transmission route: IND_1|IND_6,257.8,,MW,true,"basin_transmission/existing_routes.csv, via inferred PID crosswalk"
6|INDIA_WEST,12|PAKISTAN,transmission,real transmission route: IND_1|PAK_1,158.7,,MW,true,"basin_transmission/existing_routes.csv, via inferred PID crosswalk"
6|INDIA_WEST,22|PAKISTAN,transmission,real transmission route: IND_1|PAK_11,129.6,,MW,true,"basin_transmission/existing_routes.csv, via inferred PID crosswalk"
6|INDIA_WEST,13|PAKISTAN,transmission,real transmission route: IND_1|PAK_2,247.3,,MW,true,"basin_transmission/existing_routes.csv, via inferred PID crosswalk"
7|INDIA_WEST,9|INDIA_EAST,transmission,real transmission route: IND_2|IND_4,187.1,,MW,true,"basin_transmission/existing_routes.csv, via inferred PID crosswalk"
7|INDIA_WEST,11|INDIA_WEST,transmission,real transmission route: IND_2|IND_6,158.7,,MW,true,"basin_transmission/existing_routes.csv, via inferred PID crosswalk"
7|INDIA_WEST,12|PAKISTAN,transmission,real transmission route: IND_2|PAK_1,237.0,,MW,true,"basin_transmission/existing_routes.csv, via inferred PID crosswalk"
7|INDIA_WEST,13|PAKISTAN,transmission,real transmission route: IND_2|PAK_2,250.3,,MW,true,"basin_transmission/existing_routes.csv, via inferred PID crosswalk"
7|INDIA_WEST,20|PAKISTAN,transmission,real transmission route: IND_2|PAK_9,266.6,,MW,true,"basin_transmission/existing_routes.csv, via inferred PID crosswalk"
8|INDIA_WEST,20|PAKISTAN,transmission,real transmission route: IND_3|PAK_9,201.2,,MW,true,"basin_transmission/existing_routes.csv, via inferred PID crosswalk"
9|INDIA_EAST,11|INDIA_WEST,transmission,real transmission route: IND_4|IND_6,240.9,,MW,true,"basin_transmission/existing_routes.csv, via inferred PID crosswalk"
9|INDIA_EAST,21|PAKISTAN,transmission,real transmission route: IND_4|PAK_10,405.2,,MW,true,"basin_transmission/existing_routes.csv, via inferred PID crosswalk"
9|INDIA_EAST,20|PAKISTAN,transmission,real transmission route: IND_4|PAK_9,270.0,,MW,true,"basin_transmission/existing_routes.csv, via inferred PID crosswalk"
10|INDIA_WEST,11|INDIA_WEST,transmission,real transmission route: IND_5|IND_6,108.7,,MW,true,"basin_transmission/existing_routes.csv, via inferred PID crosswalk"
10|INDIA_WEST,24|PAKISTAN,transmission,real transmission route: IND_5|PAK_13,141.9,,MW,true,"basin_transmission/existing_routes.csv, via inferred PID crosswalk"
11|INDIA_WEST,22|PAKISTAN,transmission,real transmission route: IND_6|PAK_11,208.2,,MW,true,"basin_transmission/existing_routes.csv, via inferred PID crosswalk"
11|INDIA_WEST,24|PAKISTAN,transmission,real transmission route: IND_6|PAK_13,196.8,,MW,true,"basin_transmission/existing_routes.csv, via inferred PID crosswalk"
12|PAKISTAN,22|PAKISTAN,transmission,real transmission route: PAK_1|PAK_11,287.7,,MW,true,"basin_transmission/existing_routes.csv, via inferred PID crosswalk"
12|PAKISTAN,14|PAKISTAN,transmission,real transmission route: PAK_1|PAK_3,292.6,,MW,true,"basin_transmission/existing_routes.csv, via inferred PID crosswalk"
12|PAKISTAN,19|PAKISTAN,transmission,real transmission route: PAK_1|PAK_8,279.1,,MW,true,"basin_transmission/existing_routes.csv, via inferred PID crosswalk"
21|PAKISTAN,23|PAKISTAN,transmission,real transmission route: PAK_10|PAK_12,302.0,,MW,true,"basin_transmission/existing_routes.csv, via inferred PID crosswalk"
21|PAKISTAN,16|PAKISTAN,transmission,real transmission route: PAK_10|PAK_5,344.6,,MW,true,"basin_transmission/existing_routes.csv, via inferred PID crosswalk"
22|PAKISTAN,24|PAKISTAN,transmission,real transmission route: PAK_11|PAK_13,101.4,,MW,true,"basin_transmission/existing_routes.csv, via inferred PID crosswalk"
22|PAKISTAN,19|PAKISTAN,transmission,real transmission route: PAK_11|PAK_8,173.4,,MW,true,"basin_transmission/existing_routes.csv, via inferred PID crosswalk"
23|PAKISTAN,17|PAKISTAN,transmission,real transmission route: PAK_12|PAK_6,446.5,,MW,true,"basin_transmission/existing_routes.csv, via inferred PID crosswalk"
24|PAKISTAN,19|PAKISTAN,transmission,real transmission route: PAK_13|PAK_8,240.9,,MW,true,"basin_transmission/existing_routes.csv, via inferred PID crosswalk"
15|PAKISTAN,16|PAKISTAN,transmission,real transmission route: PAK_4|PAK_5,375.7,,MW,true,"basin_transmission/existing_routes.csv, via inferred PID crosswalk"
6|INDIA_WEST,7|INDIA_WEST,transmission,real transmission route: IND_1|IND_2,151.2,1463,MW,true,"basin_transmission/existing_routes.csv, via inferred PID crosswalk"
7|INDIA_WEST,8|INDIA_WEST,transmission,real transmission route: IND_2|IND_3,93.0,4851,MW,true,"basin_transmission/existing_routes.csv, via inferred PID crosswalk"
8|INDIA_WEST,9|INDIA_EAST,transmission,real transmission route: IND_3|IND_4,120.2,7060,MW,true,"basin_transmission/existing_routes.csv, via inferred PID crosswalk"
12|PAKISTAN,23|PAKISTAN,transmission,real transmission route: PAK_1|PAK_12,298.1,2118,MW,true,"basin_transmission/existing_routes.csv, via inferred PID crosswalk"
12|PAKISTAN,13|PAKISTAN,transmission,real transmission route: PAK_1|PAK_2,126.3,1412,MW,true,"basin_transmission/existing_routes.csv, via inferred PID crosswalk"
21|PAKISTAN,14|PAKISTAN,transmission,real transmission route: PAK_10|PAK_3,143.8,4560,MW,true,"basin_transmission/existing_routes.csv, via inferred PID crosswalk"
21|PAKISTAN,20|PAKISTAN,transmission,real transmission route: PAK_10|PAK_9,181.0,2149,MW,true,"basin_transmission/existing_routes.csv, via inferred PID crosswalk"
23|PAKISTAN,14|PAKISTAN,transmission,real transmission route: PAK_12|PAK_3,158.2,2334,MW,true,"basin_transmission/existing_routes.csv, via inferred PID crosswalk"
23|PAKISTAN,16|PAKISTAN,transmission,real transmission route: PAK_12|PAK_5,380.0,2118,MW,true,"basin_transmission/existing_routes.csv, via inferred PID crosswalk"
23|PAKISTAN,18|PAKISTAN,transmission,real transmission route: PAK_12|PAK_7,380.6,31,MW,true,"basin_transmission/existing_routes.csv, via inferred PID crosswalk"
23|PAKISTAN,19|PAKISTAN,transmission,real transmission route: PAK_12|PAK_8,528.3,2118,MW,true,"basin_transmission/existing_routes.csv, via inferred PID crosswalk"
13|PAKISTAN,14|PAKISTAN,transmission,real transmission route: PAK_2|PAK_3,207.3,1412,MW,true,"basin_transmission/existing_routes.csv, via inferred PID crosswalk"
13|PAKISTAN,20|PAKISTAN,transmission,real transmission route: PAK_2|PAK_9,81.2,1844,MW,true,"basin_transmission/existing_routes.csv, via inferred PID crosswalk"
14|PAKISTAN,20|PAKISTAN,transmission,real transmission route: PAK_3|PAK_9,205.9,3040,MW,true,"basin_transmission/existing_routes.csv, via inferred PID crosswalk"
15|PAKISTAN,17|PAKISTAN,transmission,real transmission route: PAK_4|PAK_6,345.7,1412,MW,true,"basin_transmission/existing_routes.csv, via inferred PID crosswalk"
16|PAKISTAN,17|PAKISTAN,transmission,real transmission route: PAK_5|PAK_6,157.8,3040,MW,true,"basin_transmission/existing_routes.csv, via inferred PID crosswalk"
18|PAKISTAN,19|PAKISTAN,transmission,real transmission route: PAK_7|PAK_8,203.5,706,MW,true,"basin_transmission/existing_routes.csv, via inferred PID crosswalk"
